id,ratio,prompt
ancient-egypt-pyramids-1-main,3:2,"Realistic wide view of three large ancient stone pyramids in a sandy desert under a clear blue sky, warm golden sunlight, no text, no signs, no people. No readable text, letters, numbers, logos, or watermarks anywhere in the image."
ancient-egypt-pyramids-1-side,3:4,"Aerial view of a wide calm river with lush green wheat fields on both banks and dry yellow desert beginning sharply behind the fields, realistic photo style, no text. No readable text, letters, numbers, logos, or watermarks anywhere in the image."
ancient-egypt-pyramids-2-main,3:2,"Historical illustration of ancient workers in simple linen clothes pulling a big stone block on a wooden sledge up a long earth ramp next to a half-finished stone pyramid, teamwork, one man pouring water before the sledge, warm daylight, no text, no whips or chains. No readable text, letters, numbers, logos, or watermarks anywhere in the image."
ancient-egypt-pyramids-2-side,3:4,"Simple still life of round flat bread loaves, a few dried fish and onions next to a plain clay water jar on a rough wooden table, warm soft light, ancient style, no text. No readable text, letters, numbers, logos, or watermarks anywhere in the image."
ancient-egypt-pyramids-3-main,3:2,"One huge ancient stone pyramid as a dark silhouette against an orange sunset sky, a tiny human figure standing at its base to show its giant size, realistic, no text. No readable text, letters, numbers, logos, or watermarks anywhere in the image."
ancient-egypt-pyramids-3-side,3:4,"A closed ancient painted wooden coffin decorated in gold and blue with a calm painted face, soft museum lighting, respectful, no visible text labels, no human remains. No readable text, letters, numbers, logos, or watermarks anywhere in the image."
ancient-egypt-pyramids-4-main,3:2,"Illustration of an ancient scribe sitting cross-legged writing with a reed brush on a papyrus scroll, sacks of wheat and farm workers in the background, generic ancient riverside farm setting, no pyramids or famous landmarks, warm colors, no readable text. No readable text, letters, numbers, logos, or watermarks anywhere in the image."
ancient-egypt-pyramids-4-side,3:4,"Close-up photo of green papyrus plants by calm water, tall thick triangular stems topped with round fan-like sprays of thin green rays, natural light, no text. No readable text, letters, numbers, logos, or watermarks anywhere in the image."
ancient-egypt-pyramids-5-main,3:2,"A dark granite stone slab densely carved with three horizontal bands of different ancient scripts: pictorial signs on top, cursive signs in the middle, Greek-style letters at the bottom, soft museum lighting, signs not legible, no modern text or labels. No readable text, letters, numbers, logos, or watermarks anywhere in the image."
ancient-egypt-pyramids-5-side,3:4,"Close-up of an ancient sandstone wall carved with rows of picture-signs such as birds, eyes and wavy water lines, warm light, weathered stone texture, no modern text. No readable text, letters, numbers, logos, or watermarks anywhere in the image."
mesopotamia-1-main,3:2,"Colorful children's book illustration of an ancient city between two rivers: stepped mud-brick temple tower, city wall, small market stalls, farmers, green fields with irrigation canals, palm trees, one wide river in the foreground and a second river in the distance, warm sunlight, no text or labels. No readable text, letters, numbers, logos, or watermarks anywhere in the image."
mesopotamia-1-side,3:4,"Close-up illustration of two hands pressing a cut reed into a soft wet clay tablet, a few simple picture signs and wedge-shaped marks, warm light, ancient setting, no readable text or labels. No readable text, letters, numbers, logos, or watermarks anywhere in the image."
mesopotamia-2-main,3:2,"Illustration of an ancient storehouse: a scribe with a cut reed and clay tablet counts sheep and clay jars, workers carry grain sacks, mud-brick building, warm earthy colors, no text or labels. No readable text, letters, numbers, logos, or watermarks anywhere in the image."
mesopotamia-2-side,3:4,"Still-life illustration of small geometric clay tokens (cones, spheres, discs) beside a clay tablet with wedge-shaped marks and a cut reed, plain background, soft light, no readable text. No readable text, letters, numbers, logos, or watermarks anywhere in the image."
mesopotamia-3-main,3:2,"Aerial-view illustration of an ancient river landscape: a wide river, branching irrigation canals, green rectangular fields, a dense mud-brick city with a temple on a high mud-brick platform, tiny people working together, warm light, no text or labels. No readable text, letters, numbers, logos, or watermarks anywhere in the image."
mesopotamia-3-side,3:4,"Illustration of three ancient craft workers side by side: a potter shaping a pot on a wheel, a builder laying mud bricks, a trader scooping grain with a measuring jar, warm earthy colors, no text. No readable text, letters, numbers, logos, or watermarks anywhere in the image."
mesopotamia-4-main,3:2,"Atmospheric storybook illustration of an ancient king with a walking staff, alone on a mountain path at dusk, a dark sea and a far horizon ahead, small figure in a vast landscape, quiet thoughtful mood, no text. No readable text, letters, numbers, logos, or watermarks anywhere in the image."
mesopotamia-4-side,3:4,"Close-up illustration of an ancient clay tablet covered in neat wedge-shaped signs, warm side light, dark background, no readable modern text or labels. No readable text, letters, numbers, logos, or watermarks anywhere in the image."
mesopotamia-5-main,3:2,"Illustration of an ancient archive room: shelves and baskets full of flat clay tablets of many sizes covered in wedge-shaped marks, a scribe sorting them by warm lamplight, mud-brick walls, no readable modern text or labels. No readable text, letters, numbers, logos, or watermarks anywhere in the image."
mesopotamia-5-side,3:4,"Illustration of a tall rock cliff with a large ancient royal inscription carved in three different wedge-script panels, small scholars on wooden ladders copying the signs into notebooks, dramatic morning light, no modern text. No readable text, letters, numbers, logos, or watermarks anywhere in the image."
hammurabi-1-main,3:2,"Warm children's book illustration of an ancient Mesopotamian city square: mud-brick houses, palm trees, a river behind, and in the center a tall polished dark stone taller than the people, covered in tiny abstract wedge marks; families, farmers and children look up at it; sunny daylight; no readable text anywhere. No readable text, letters, numbers, logos, or watermarks anywhere in the image."
hammurabi-1-side,3:4,"Close-up illustration of two hands carving wedge-shaped cuneiform-style signs into a dark hard stone, using a simple bronze and stone tool with a wooden mallet, small stone chips flying, warm ancient workshop light, no readable modern text. No readable text, letters, numbers, logos, or watermarks anywhere in the image."
hammurabi-2-main,3:2,"Museum photo style: a tall polished dark diorite stele covered in dense rows of wedge-shaped cuneiform writing, softly lit against a dark background, a carved relief of a seated figure and a standing figure at the top, no readable modern text or labels. No readable text, letters, numbers, logos, or watermarks anywhere in the image."
hammurabi-2-side,3:4,"Simple warm flat illustration of an ancient Mesopotamian judge seated on a stool, listening to two farmers who argue, one farmer holds a goat on a rope, mud-brick wall and palm tree in background, no text. No readable text, letters, numbers, logos, or watermarks anywhere in the image."
hammurabi-3-main,3:2,"Detailed warm illustration of daily life in ancient Babylon: a river harbor with reed boats, a lively market with grain sacks and clay pots, a builder repairing a mud-brick wall, a doctor caring for a patient under a palm tree, no readable text. No readable text, letters, numbers, logos, or watermarks anywhere in the image."
hammurabi-3-side,3:4,"Macro photo style: neat rows of wedge-shaped cuneiform signs carved into polished dark stone, raking light showing the depth of each wedge, no modern text. No readable text, letters, numbers, logos, or watermarks anywhere in the image."
hammurabi-4-main,3:2,"An old bronze balance scale on a wooden table, one pan holds small rough pieces of silver, the other pan is empty and hangs higher, dark simple background, dramatic soft light, no coins, no readable text. No readable text, letters, numbers, logos, or watermarks anywhere in the image."
hammurabi-4-side,3:4,"Classic statue of Lady Justice, a blindfolded woman in full modest classical robes holding balance scales, neutral grey background, soft light, no readable text on the statue or base. No readable text, letters, numbers, logos, or watermarks anywhere in the image."
hammurabi-5-main,3:2,"Museum photo style close-up of an ancient Mesopotamian dark stone relief: a seated god with rays rising from his shoulders hands a rod and a ring to a standing bearded king, polished dark diorite, dramatic soft museum lighting, no readable text or labels. No readable text, letters, numbers, logos, or watermarks anywhere in the image."
hammurabi-5-side,3:4,"Documentary photo style: archaeologists kneel in a rectangular excavation pit in a dry, sandy landscape, carefully brushing soil from a dark stone object, measuring tools and buckets nearby, warm morning light, no readable text. No readable text, letters, numbers, logos, or watermarks anywhere in the image."
phoenicians-alphabet-1-main,3:2,"Children's book illustration of an ancient Phoenician-style wooden merchant ship with a single square sail on a bright blue Mediterranean sea, sailors on deck, clay jars and cloth bales as cargo, green cedar-covered mountains on the coast behind, warm colors, no text or labels. No readable text, letters, numbers, logos, or watermarks anywhere in the image."
phoenicians-alphabet-1-side,3:4,"Simple bright illustration of spiky murex sea snail shells beside a folded piece of deep purple cloth and a small bowl of purple dye, plain light background, children's book style, no text. No readable text, letters, numbers, logos, or watermarks anywhere in the image."
phoenicians-alphabet-2-main,3:2,"Warm children's book illustration of an ancient Mediterranean trader standing on a busy stone quay, quickly writing simple signs on a small papyrus sheet with a reed pen, wooden sailing ships and workers carrying clay jars in the background, no readable text. No readable text, letters, numbers, logos, or watermarks anywhere in the image."
phoenicians-alphabet-2-side,3:4,"Educational split illustration: left side shows a clay tablet full of hundreds of small wedge-shaped cuneiform signs; right side shows a single clean row of about 22 simple ancient letter signs on light stone, flat colors, no readable modern words, no labels. No readable text, letters, numbers, logos, or watermarks anywhere in the image."
phoenicians-alphabet-3-main,3:2,"Detailed warm illustration of an ancient Mediterranean harbor, merchant ships loading colorful glass bottles, purple cloth and copper bars, traders in varied dress talking on the stone quay, hills with a walled town behind, children's book style, no text. No readable text, letters, numbers, logos, or watermarks anywhere in the image."
phoenicians-alphabet-3-side,3:4,"Minimal flat map illustration of the Mediterranean Sea, small dots along the coasts connected by thin curved lines like a web, one slightly larger dot on the North African coast, soft blue and sand colors, no text, no labels. No readable text, letters, numbers, logos, or watermarks anywhere in the image."
phoenicians-alphabet-4-main,3:2,"Clean educational illustration, four stages in a row with arrows: a stylized ox head with horns, an ancient angular letter form, the Greek letter alpha, and the modern capital letter A, flat design, plain background, no words or labels except the letter shapes. No readable text, letters, numbers, logos, or watermarks anywhere in the image."
phoenicians-alphabet-4-side,3:4,"Playful minimal illustration: a big upside-down capital letter A beside a friendly ox head with two horns, thin guide lines showing that the shapes match, flat pastel colors, no other text. No readable text, letters, numbers, logos, or watermarks anywhere in the image."
phoenicians-alphabet-5-main,3:2,"Realistic warm illustration of archaeologists working at a coastal excavation, gently brushing sand from broken ancient pottery near old harbor stones, blue sea in the background, tools and find trays without labels, no readable text. No readable text, letters, numbers, logos, or watermarks anywhere in the image."
phoenicians-alphabet-5-side,3:4,"Close-up illustration of a torn ancient papyrus fragment with dark damp stains, crumbling edges, and faint unreadable ink marks, plain background, muted colors, no readable words. No readable text, letters, numbers, logos, or watermarks anywhere in the image."
socrates-1-main,3:2,"Warm educational illustration of the ancient Greek philosopher Socrates, an older bearded man in a plain robe, barefoot, walking through a lively market in ancient Athens, talking in a friendly way with a young man and a worker, marble buildings in the background, children's book style. No readable text, letters, numbers, logos, or watermarks anywhere in the image."
socrates-1-side,3:4,"Simple warm illustration of a young student in ancient Greek clothes writing on a papyrus scroll with a reed pen, plain background, children's book style. No readable text, letters, numbers, logos, or watermarks anywhere in the image."
socrates-2-main,3:2,"Educational flat illustration of Socrates in ancient Athens sitting on stone steps with a small group of young Athenians in friendly conversation, he answers with a question, large question marks floating in the air, marble columns behind, clean friendly style. No readable text, letters, numbers, logos, or watermarks anywhere in the image."
socrates-2-side,3:4,"Simple flat illustration of a teenager looking at a smartphone, a large question mark on the screen, symbolizing the check: is this news true?. No readable text, letters, numbers, logos, or watermarks anywhere in the image."
socrates-3-main,3:2,"Classical painting style, calm and dignified: the old philosopher Socrates sits upright on a bed in a prison cell, one hand raised as he teaches, the other hand reaching for a simple cup, sad friends around him, soft dramatic light, no blood, no violence. No readable text, letters, numbers, logos, or watermarks anywhere in the image."
socrates-3-side,3:4,"Simple museum-style illustration of ancient Athenian jurors dropping small pebbles into two large clay urns to vote in court, guilty or not guilty, neutral background. No readable text, letters, numbers, logos, or watermarks anywhere in the image."
socrates-4-main,3:2,"Educational illustration of Socrates, an old man in a plain worn cloak, barefoot, calmly asking questions to wealthy ancient Athenian men in fine white wool himations with purple borders, groomed hair and beards, at most a gold signet ring, no necklaces or earrings; the rich men look uncomfortable; ancient Athens street in the background. No readable text, letters, numbers, logos, or watermarks anywhere in the image."
socrates-4-side,3:4,"Minimal flat illustration of a balance scale where a glowing heart on one side outweighs a pile of gold coins on the other side, plain background, symbol that a good soul matters more than money. No readable text, letters, numbers, logos, or watermarks anywhere in the image."
socrates-5-main,3:2,"Conceptual illustration: three different portraits of the same ancient Greek philosopher side by side, one noble and wise, one plain and simple, one as a comedy stage mask caricature, a large question mark above, symbolizing that old sources disagree about the real man. No readable text, letters, numbers, logos, or watermarks anywhere in the image."
socrates-5-side,3:4,"Minimal illustration of an open papyrus scroll showing short lines of a conversation between two speakers, two small ancient Greek figures with simple speech bubbles beside it, plain background. No readable text, letters, numbers, logos, or watermarks anywhere in the image."
plato-1-main,3:2,"Warm, friendly illustration for children: the ancient Greek philosopher Plato with a beard and simple robe sits on a stone bench in a sunny olive grove, talking with a small group of teenage and young adult students, a simple colonnade with softly painted columns among the trees in the distance, soft colors, no text. No readable text, letters, numbers, logos, or watermarks anywhere in the image."
plato-1-side,3:4,"Simple clear illustration of an open papyrus scroll with a few lines of ancient Greek letters and a reed pen lying next to it, warm parchment colors, plain background, no modern objects, no readable modern text. No readable text, letters, numbers, logos, or watermarks anywhere in the image."
plato-2-main,3:2,"Educational illustration of Plato's allegory of the cave: seated prisoners chained so they cannot turn their heads, facing a stone wall with dark shadow figures on it, a fire behind them, one free person walking toward the bright cave exit where sunlight streams in, dramatic but child-friendly, no violence, no text. No readable text, letters, numbers, logos, or watermarks anywhere in the image."
plato-2-side,3:4,"Simple photo-style image: a hand in front of a lamp makes a bird-shaped shadow on a plain wall, warm light, dark clear shadow, no text. No readable text, letters, numbers, logos, or watermarks anywhere in the image."
plato-3-main,3:2,"Illustration: in a sunny olive grove, a young student in a simple robe draws a large circle in the sand with a wooden stick while the bearded ancient Greek philosopher Plato watches and points, a few other students look on, warm daylight, no text. No readable text, letters, numbers, logos, or watermarks anywhere in the image."
plato-3-side,3:4,"Clean educational graphic: on the left a wobbly, imperfect freehand pencil circle, on the right a very neat pencil circle drawn with a compass, both clearly pencil drawings on paper, plain light background, no text, no labels. No readable text, letters, numbers, logos, or watermarks anywhere in the image."
plato-4-main,3:2,"Dignified illustration of the ancient Greek philosopher Plato as an older bearded man in a robe, holding a closed papyrus scroll in one hand and pointing upward with the other, classical marble hall in the background, warm classical colors, single figure, no text. No readable text, letters, numbers, logos, or watermarks anywhere in the image."
plato-4-side,3:4,"Simple illustration of a large group of people in an open-air meeting raising their hands to vote, seen from behind, neutral clothing so it fits any culture, clear daylight, no text. No readable text, letters, numbers, logos, or watermarks anywhere in the image."
plato-5-main,3:2,"Elegant photo-style image: a white marble bust of an ancient Greek bearded philosopher beside a stack of old leather books on a wooden table, soft library light, calm and scholarly mood, no text, no letters, no inscription on the bust or its base. No readable text, letters, numbers, logos, or watermarks anywhere in the image."
plato-5-side,3:4,"Simple educational illustration: a square drawn in smooth sand with its diagonal line, and a second larger square drawn on the diagonal, a wooden stick pointing at the lines, top-down view, warm sand colors, no text. No readable text, letters, numbers, logos, or watermarks anywhere in the image."
aristotle-1-main,3:2,"Friendly storybook illustration, ancient Greece: a bearded teacher in a simple robe walks along a garden path with four young students, pointing at a bird in an olive tree, one student holds a leaf, warm sunlight, marble columns far in the background, no text or letters anywhere. No readable text, letters, numbers, logos, or watermarks anywhere in the image."
aristotle-1-side,3:4,"Top-down photo of a neat nature collection on a wooden table: rows of different leaves, seashells and feathers arranged side by side for comparison, soft daylight, no text. No readable text, letters, numbers, logos, or watermarks anywhere in the image."
aristotle-2-main,3:2,"Realistic illustration, ancient Greek coast: a bearded man in a simple robe kneels by a clear tide pool, watching small fish and a crab very closely, wax tablets beside him, calm sea and soft light, no text. No readable text, letters, numbers, logos, or watermarks anywhere in the image."
aristotle-2-side,3:4,"Photo-real close-up of an octopus in clear shallow sea water, eight arms visible, natural light, no text. No readable text, letters, numbers, logos, or watermarks anywhere in the image."
aristotle-3-main,3:2,"Close-up of a hand drawing a minimal diagram on a dark chalkboard: a large circle, a smaller circle inside it, and a dot inside the smaller circle, connected by arrows, clean simple style, no letters or words. No readable text, letters, numbers, logos, or watermarks anywhere in the image."
aristotle-3-side,3:4,"Macro photo of a modern computer circuit board with fine golden lines and small chips, shallow depth of field, no readable text. No readable text, letters, numbers, logos, or watermarks anywhere in the image."
aristotle-4-main,3:2,"Minimalist photo of a classic two-pan balance scale in perfect balance on a wooden table, warm soft light, plain background, no text. No readable text, letters, numbers, logos, or watermarks anywhere in the image."
aristotle-4-side,3:4,"Photo of a young person tying running shoes on a quiet path at sunrise, warm morning light, simple composition, no text. No readable text, letters, numbers, logos, or watermarks anywhere in the image."
aristotle-5-main,3:2,"Atmospheric photo-style image of an old library table with two open handwritten manuscripts, one with Greek-style script and one with Arabic-style calligraphy, warm candlelight, decorative unreadable text only, no real names or readable words. No readable text, letters, numbers, logos, or watermarks anywhere in the image."
aristotle-5-side,3:4,"Clean studio photo of a large metal ball and a small metal ball falling side by side at exactly the same height against a plain light wall, slight motion blur, no text. No readable text, letters, numbers, logos, or watermarks anywhere in the image."
alexander-the-great-1-main,3:2,"Warm storybook illustration: a teenage boy in ancient Greek clothing gently holds the head of a large black horse and turns it toward the low sun; open plain, soft golden light; no text, no letters, no modern objects. No readable text, letters, numbers, logos, or watermarks anywhere in the image."
alexander-the-great-1-side,3:4,"Clear simple image: a horse stands in bright sun on flat sandy ground, its dark shadow stretches clearly beside it; no people, no text. No readable text, letters, numbers, logos, or watermarks anywhere in the image."
alexander-the-great-2-main,3:2,"Realistic image of an ancient Greek theater ruin in a dry landscape: horseshoe-shaped stone seating built into a hillside, wider than a semicircle, warm daylight; no people, no signs, no text. No readable text, letters, numbers, logos, or watermarks anywhere in the image."
alexander-the-great-2-side,3:4,"Close-up of weathered marble with carved ancient Greek letters, shallow depth of field; generic letter shapes only, no real words or names readable. No readable text, letters, numbers, logos, or watermarks anywhere in the image."
alexander-the-great-3-main,3:2,"Detailed illustration of a huge ancient three-tiered stone lighthouse by a Mediterranean harbor, small sailing ships below, bright sky, fire glowing at the top; no text, no letters, no labels. No readable text, letters, numbers, logos, or watermarks anywhere in the image."
alexander-the-great-3-side,3:4,"Minimal clean diagram-style image: a vertical wooden stick on sandy ground casts a sharp shadow; thin sun rays; a subtle angle arc near the top of the stick; no letters, no numbers. No readable text, letters, numbers, logos, or watermarks anywhere in the image."
alexander-the-great-4-main,3:2,"Realistic wide shot of the ruins of Persepolis: tall broken stone columns, carved stone stairs, dry hills behind, late afternoon light; no people, no signs, no text. No readable text, letters, numbers, logos, or watermarks anywhere in the image."
alexander-the-great-4-side,3:4,"A generic ancient marble sculpture fragment with visible cracks, lying on stone ground, soft light; anonymous face or only drapery; no text, no labels. No readable text, letters, numbers, logos, or watermarks anywhere in the image."
alexander-the-great-5-main,3:2,"Persian miniature style illustration: a crowned hero on a fine horse in a flowering garden, gold and deep blue colors, ornate decorative border; absolutely no calligraphy, letters, or text. No readable text, letters, numbers, logos, or watermarks anywhere in the image."
alexander-the-great-5-side,3:4,"A torn fragment of ancient papyrus with faded, unreadable Greek-style script, dark neutral background, soft light; the text is fully illegible. No readable text, letters, numbers, logos, or watermarks anywhere in the image."
roman-republic-empire-1-main,3:2,"A majestic ancient stone aqueduct with three rows of arches crossing a green river valley, warm sunlight, clear blue sky, photorealistic, no people, no signs, no readable text. No readable text, letters, numbers, logos, or watermarks anywhere in the image."
roman-republic-empire-1-side,3:4,"An ancient straight road paved with large worn stone blocks, stretching to the horizon between green fields and tall pine trees, soft evening light, photorealistic, no people, no signs, no readable text. No readable text, letters, numbers, logos, or watermarks anywhere in the image."
roman-republic-empire-2-main,3:2,"Warm educational illustration of an ancient senate: old men in simple white robes seated on wooden benches facing each other in a plain stone hall, one man standing and speaking, dignified calm mood, children's book style, no readable text, no banners. No readable text, letters, numbers, logos, or watermarks anywhere in the image."
roman-republic-empire-2-side,3:4,"Simple warm illustration of ancient men in plain tunics standing in a line in a sunlit public square, each speaking to a seated official who makes a mark on a wax tablet, calm and orderly, children's book style, no readable text. No readable text, letters, numbers, logos, or watermarks anywhere in the image."
roman-republic-empire-3-main,3:2,"Muted, serious illustration: an ancient general in a red cloak gives a bag of coins to a line of soldiers in generic ancient armor who look only at him, a distant walled city in the background, calm sober mood, no battle, no blood, no eagle standards, no readable text or letters on banners. No readable text, letters, numbers, logos, or watermarks anywhere in the image."
roman-republic-empire-3-side,3:4,"A golden laurel wreath lying on a single empty marble chair in a large quiet ancient hall, soft dramatic light, symbolic and simple, no people, no readable text. No readable text, letters, numbers, logos, or watermarks anywhere in the image."
roman-republic-empire-4-main,3:2,"Interior of a vast ancient concrete dome with square coffers and a circular opening at the top, a beam of sunlight falling through into the quiet space, photorealistic, awe-inspiring, no people, no readable text. No readable text, letters, numbers, logos, or watermarks anywhere in the image."
roman-republic-empire-4-side,3:4,"Clean minimal educational diagram: the word 'aqua' in a circle at the top, five arrows pointing down to the words 'acqua', 'agua', 'água', 'eau', 'apă', each labeled Italian, Spanish, Portuguese, French, Romanian, flat design, friendly colors, white background. No readable text, letters, numbers, logos, or watermarks anywhere in the image."
roman-republic-empire-5-main,3:2,"An ancient ruined forum with broken marble columns and an old stone arch, grass growing between fallen stones, golden evening light, quiet and thoughtful mood, photorealistic, no people, no signs, no readable text. No readable text, letters, numbers, logos, or watermarks anywhere in the image."
roman-republic-empire-5-side,3:4,"The great domed silhouette of a vast Byzantine church at golden hour, seen across calm water, no minarets, majestic and peaceful, warm light, photorealistic, no flags, no signs, no readable text. No readable text, letters, numbers, logos, or watermarks anywhere in the image."
julius-caesar-1-main,3:2,"Children's book illustration, warm colors: a Roman man in a white toga with a red cloak writes on a wax tablet with a stylus, ancient Roman columns and buildings behind him, sunny day, no text or letters anywhere in the image. No readable text, letters, numbers, logos, or watermarks anywhere in the image."
julius-caesar-1-side,3:4,"A simple, colorful wall calendar page showing the month of July, a bright summer sun at the top, a clear grid of days, flat children's illustration style, only the word July and numbers, no other text. No readable text, letters, numbers, logos, or watermarks anywhere in the image."
julius-caesar-2-main,3:2,"Warm, sober children's book illustration: a Roman leader in a toga and a Greek scholar from Alexandria in a simple chiton study a big round star chart together under a starry night sky, oil lamps glowing, Hellenistic setting, no pharaonic costume or headdress, no text or letters anywhere in the image. No readable text, letters, numbers, logos, or watermarks anywhere in the image."
julius-caesar-2-side,3:4,"A simple flat illustration of a calendar page for February with 29 days, the number 29 circled in red, minimal clean style, only the word February and numbers, no other text. No readable text, letters, numbers, logos, or watermarks anywhere in the image."
julius-caesar-3-main,3:2,"Sober historical illustration: a Roman general stands at the bank of a small shallow river in winter, soldiers in red cloaks waiting behind him, cold morning light, calm and serious mood, no fighting, no text or letters anywhere in the image. No readable text, letters, numbers, logos, or watermarks anywhere in the image."
julius-caesar-3-side,3:4,"Simple clean illustration: a hand throws a single white die, the die frozen in mid-air, plain light background, no text anywhere in the image. No readable text, letters, numbers, logos, or watermarks anywhere in the image."
julius-caesar-4-main,3:2,"Sober historical illustration: Roman senators in white togas gather in a grand marble hall, tense and worried faces, morning light through high windows, no violence, no blood, no text or inscriptions anywhere in the image. No readable text, letters, numbers, logos, or watermarks anywhere in the image."
julius-caesar-4-side,3:4,"Museum-style image: one ancient Roman dagger with a worn blade and a simple handle, lying flat on a plain neutral background, soft even light, no text, no engraved words. No readable text, letters, numbers, logos, or watermarks anywhere in the image."
julius-caesar-5-main,3:2,"Close-up illustration of an ancient Roman silver coin showing a man's head in profile, worn metal texture, plain dark background, no letters, no inscriptions, no text on the coin or anywhere in the image. No readable text, letters, numbers, logos, or watermarks anywhere in the image."
julius-caesar-5-side,3:4,"Warm still-life illustration: an ancient papyrus scroll partly unrolled with faint, unreadable lines of script, a reed pen lying beside it, soft warm light, no readable words anywhere in the image. No readable text, letters, numbers, logos, or watermarks anywhere in the image."
confucius-1-main,3:2,"Warm storybook illustration: an elderly Chinese teacher with a long beard, in plain traditional robes of ancient China around 500 BCE (Zhou era), sits under a big tree and talks with a small group of students of different ages, some dressed richly and some poorly, soft colors, respectful and friendly, no Ming or Qing style clothing, no queue hairstyle, no text, no writing, no labels. No readable text, letters, numbers, logos, or watermarks anywhere in the image."
confucius-1-side,3:4,"Simple warm illustration: a small bundle of dried meat strips tied together with string, lying on a plain wooden table in an ancient Chinese home, soft warm light, humble and clean scene, no text, no labels, no packaging. No readable text, letters, numbers, logos, or watermarks anywhere in the image."
confucius-2-main,3:2,"Soft, respectful illustration: an elderly Chinese teacher and a young student sit facing each other in a simple courtyard in ancient China around 500 BCE, both in simple Zhou-era wrapped robes, hair tied in topknots, no Ming or Qing style clothing, no queue hairstyle, the teacher speaking gently, warm light, calm colors, no text, no writing. No readable text, letters, numbers, logos, or watermarks anywhere in the image."
confucius-2-side,3:4,"Flat, friendly illustration: children from many different cultures in colorful clothes hold hands in a circle around a small globe, bright colors, no text, no letters, no labeled globe, no flags with words. No readable text, letters, numbers, logos, or watermarks anywhere in the image."
confucius-3-main,3:2,"Dignified illustration: inside a simple ancient Chinese palace hall around 500 BCE, an elderly teacher in plain Zhou-era robes speaks calmly to a young seated ruler who listens with respect, hair in topknots, no Ming or Qing style clothing, no queue hairstyle, warm muted colors, peaceful mood, no weapons, no text, no writing on banners. No readable text, letters, numbers, logos, or watermarks anywhere in the image."
confucius-3-side,3:4,"Historical illustration of the Chinese imperial examination: many small open examination cells in long rows, men in traditional robes writing carefully with brush and ink on paper, calm daylight, orderly scene, no readable characters, no names, no labels. No readable text, letters, numbers, logos, or watermarks anywhere in the image."
confucius-4-main,3:2,"Warm illustration: a Chinese family of three generations around a dinner table at home, younger people politely greeting and serving the grandparents first, gentle light, everyday clothes, respectful and cozy, no text, no writing. No readable text, letters, numbers, logos, or watermarks anywhere in the image."
confucius-4-side,3:4,"Simple, warm illustration: a young person offers a cup of tea with both hands to a smiling older person, slight polite bow, East Asian home setting, soft colors, no text, no calligraphy, no signs. No readable text, letters, numbers, logos, or watermarks anywhere in the image."
confucius-5-main,3:2,"Photorealistic still life: an ancient Chinese bamboo-slip book, partly unrolled, next to a modern printed paperback on a wooden desk, warm light, quiet mood, no readable text on covers or strips, no names, no labels. No readable text, letters, numbers, logos, or watermarks anywhere in the image."
confucius-5-side,3:4,"Photorealistic Chinese temple courtyard: red pillars, curved roofs, old trees, a few visitors bowing respectfully with incense, peaceful atmosphere, soft daylight, no statues, no portraits, no images of people in the temple art, all signs, steles, and plaques blank or out of focus, no readable text in any language. No readable text, letters, numbers, logos, or watermarks anywhere in the image."
siddhartha-gautama-1-main,3:2,"Warm children's book illustration of a young Indian prince in fine clothes riding in a wooden chariot outside high palace walls, on the road he sees an old man with a walking stick and a sick man resting, the prince looks surprised and thoughtful, ancient India setting, soft colors, gentle and respectful, no text anywhere. No readable text, letters, numbers, logos, or watermarks anywhere in the image."
siddhartha-gautama-1-side,3:4,"Simple warm illustration of a man in a plain robe sitting cross-legged with closed eyes under a very large fig tree with heart-shaped leaves, soft morning light, peaceful and respectful, children's book style, no halo, no symbols, no text. No readable text, letters, numbers, logos, or watermarks anywhere in the image."
siddhartha-gautama-2-main,3:2,"Flat educational illustration in three parts: left, a young South Asian prince with rich food and gold; right, the same man very thin and eating almost nothing, shown with dignity; center, the man in a simple robe walking calmly on a middle road between the two scenes, warm respectful style, no text. No readable text, letters, numbers, logos, or watermarks anywhere in the image."
siddhartha-gautama-2-side,3:4,"Minimal flat illustration of a person sitting cross-legged with eyes closed, breathing calmly, soft plain background, a feeling of quiet and clarity, no text. No readable text, letters, numbers, logos, or watermarks anywhere in the image."
siddhartha-gautama-3-main,3:2,"Educational illustration of a teacher in a plain robe in ancient India sitting under a tree, speaking to a circle of very different listeners: a farmer with a hoe, a barber holding scissors and a razor, a king in rich clothes, women and men, all sitting at the same level in one circle, the teacher is a generic man with no halo and no topknot, warm respectful style, no text. No readable text, letters, numbers, logos, or watermarks anywhere in the image."
siddhartha-gautama-3-side,3:4,"Respectful simple illustration of two women in plain light robes walking quietly and carrying simple bowls, generic dress with no religious symbols, soft colors, calm mood, no text. No readable text, letters, numbers, logos, or watermarks anywhere in the image."
siddhartha-gautama-4-main,3:2,"Stylized antique-looking map of Asia with no text or labels at all, soft golden arrows flowing from northern India by sea to Sri Lanka and Southeast Asia, overland across mountain and desert trade routes to China, and then onward by sea past the Korean peninsula to the islands of Japan, small lotus symbols along the arrows, warm educational style, absolutely no words on the map. No readable text, letters, numbers, logos, or watermarks anywhere in the image."
siddhartha-gautama-4-side,3:4,"Clean warm illustration of four temple silhouettes side by side - an Indian stupa, a Chinese pagoda, a Japanese pagoda, and a Thai temple with a tall pointed roof - simple shapes, soft colors, no statues, no people, no text or labels. No readable text, letters, numbers, logos, or watermarks anywhere in the image."
siddhartha-gautama-5-main,3:2,"Warm respectful illustration of a circle of monks in simple robes sitting in an old open hall, reciting together from memory with closed eyes, no books or papers anywhere in the scene, no statues or altars, soft evening light, no text. No readable text, letters, numbers, logos, or watermarks anywhere in the image."
siddhartha-gautama-5-side,3:4,"Detailed warm illustration of hands writing with a metal stylus on long narrow palm leaves, finished palm-leaf pages bound with string beside them, the writing shown only as decorative unreadable strokes, soft light, no readable words. No readable text, letters, numbers, logos, or watermarks anywhere in the image."
ancient-greece-1-main,3:2,"A sunlit Mediterranean coastal landscape: rocky hills with gnarled old olive trees, deep blue sea, small rocky islands on the horizon, one small wooden sailing boat, clear sky, photorealistic, no buildings, no people, no signs, no readable text. No readable text, letters, numbers, logos, or watermarks anywhere in the image."
ancient-greece-1-side,3:4,"Warm educational illustration of an ancient Greek agora: a lively market square with wooden stalls, clay amphorae, baskets of olives and fish, people in simple tunics talking and trading, a stoa with plain columns in the background, children's book style, friendly mood, no readable text, no letters. No readable text, letters, numbers, logos, or watermarks anywhere in the image."
ancient-greece-2-main,3:2,"Warm educational illustration of an ancient Greek open-air assembly on a rocky hill: men in simple tunics sitting on stone steps, many raising their hands to vote, one speaker standing on a low stone platform, calm orderly mood, soft daylight, children's book style, no readable text, no letters. No readable text, letters, numbers, logos, or watermarks anywhere in the image."
ancient-greece-2-side,3:4,"Simple warm illustration of an ancient official in a plain tunic pulling one small blank wooden token from a large clay pot while a few men in tunics watch calmly, plain background, children's book style, no readable text, no letters on the tokens. No readable text, letters, numbers, logos, or watermarks anywhere in the image."
ancient-greece-3-main,3:2,"A vast ancient open-air theater with a perfect half-circle of stone seat rows built into a green hillside, a round stage area at the bottom, soft warm evening light, distant hills, photorealistic, no people, no signs, no readable text. No readable text, letters, numbers, logos, or watermarks anywhere in the image."
ancient-greece-3-side,3:4,"Two ancient theater masks side by side on a plain neutral background, one with a sad crying face, one with a wide laughing face, aged clay and wood texture, soft studio light, photorealistic, no text, no letters. No readable text, letters, numbers, logos, or watermarks anywhere in the image."
ancient-greece-4-main,3:2,"Stylized flat map illustration of the Mediterranean Sea and Black Sea from above, simple land shapes in warm colors, many small dots along the coastlines marking ancient Greek colony towns from Spain to the Black Sea, a few tiny sailing ships on the blue sea, clean educational style, no place names, no labels, no text. No readable text, letters, numbers, logos, or watermarks anywhere in the image."
ancient-greece-4-side,3:4,"Warm educational illustration of ancient colonists arriving on a sunny new shore: a wooden sailing ship pulled onto the beach, families in simple tunics carrying clay amphorae, tools, and a young olive tree, first simple houses being built in the background, hopeful peaceful mood, children's book style, no weapons, no readable text. No readable text, letters, numbers, logos, or watermarks anywhere in the image."
ancient-greece-5-main,3:2,"A majestic ancient marble temple with tall columns on a high rocky hill, warm golden evening light, slightly low camera angle, clear sky, photorealistic, no scaffolding, no cranes, no people, no signs, no readable text. No readable text, letters, numbers, logos, or watermarks anywhere in the image."
ancient-greece-5-side,3:4,"Museum-style image of the same ancient Greek statue of a standing young woman in a long robe shown twice side by side: left version in plain white marble, right version with a bright painted reconstruction in red, blue, and gold, neutral gray background, soft even light, photorealistic, no text, no labels. No readable text, letters, numbers, logos, or watermarks anywhere in the image."
olympic-games-1-main,3:2,"Warm children's book illustration: an ancient Greek stadium around 500 BCE, a simple earth running track between long grassy banks full of cheering spectators in white and colorful robes, five runners in short tunics racing, sunny day, joyful mood, athletes modestly dressed, no nudity, no text, no letters, no flags. No readable text, letters, numbers, logos, or watermarks anywhere in the image."
olympic-games-1-side,3:4,"Photorealistic still life: a simple wreath woven from fresh olive branches with silvery-green leaves, lying on a warm ancient stone surface, soft sunlight, plain background, no people, no text, no labels. No readable text, letters, numbers, logos, or watermarks anywhere in the image."
olympic-games-2-main,3:2,"Warm educational illustration: an ancient Greek herald in a white robe holding a plain wooden staff, calling out to a small crowd of townspeople in a sunlit stone square, ancient Greece, children's book style, friendly and peaceful, no text, no letters, no signs. No readable text, letters, numbers, logos, or watermarks anywhere in the image."
olympic-games-2-side,3:4,"Gentle warm illustration: travelers in ancient Greek clothes — families and athletes carrying bundles — walk peacefully on a dirt road between olive trees, a distant generic Greek temple sanctuary in a green valley ahead, soft evening light, calm and safe mood, no weapons, no text, no letters. No readable text, letters, numbers, logos, or watermarks anywhere in the image."
olympic-games-3-main,3:2,"Ancient Greek black-figure vase painting style: stylized dark silhouette athletes — three runners in mid-stride and one discus thrower — on a warm terracotta background with a simple meander border, figures stylized and modest, no explicit detail, no nudity, no letters, no inscriptions, no text. No readable text, letters, numbers, logos, or watermarks anywhere in the image."
olympic-games-3-side,3:4,"Photorealistic close-up: an ancient round bronze discus with a worn green-brown surface, lying on warm sandy ground, soft side light, quiet museum-quality mood, no engravings, no letters, no labels, no text. No readable text, letters, numbers, logos, or watermarks anywhere in the image."
olympic-games-4-main,3:2,"Photorealistic wide shot: a vast generic modern sports stadium at night filled with a cheering crowd, a large metal bowl with a bright burning flame rising above the stands, colorful stage lights, festive mood, no ring symbols, no logos, no flags, no readable text. No readable text, letters, numbers, logos, or watermarks anywhere in the image."
olympic-games-4-side,3:4,"Warm photorealistic image: a young runner in plain white and blue sports clothes carries a burning torch of simple silver design along a sunny road, people of many ages wave and cheer, joyful mood, no ring symbols, no logos, no readable text on clothing or banners. No readable text, letters, numbers, logos, or watermarks anywhere in the image."
olympic-games-5-main,3:2,"Photorealistic image: ruins of an ancient Greek sanctuary in a green river valley, fallen column drums and a few re-erected columns among grass and pine trees, soft morning light, peaceful and thoughtful mood, no people, no signs, no readable inscriptions, no text. No readable text, letters, numbers, logos, or watermarks anywhere in the image."
olympic-games-5-side,3:4,"Photorealistic scene: two archaeologists kneeling in a sunny excavation trench, carefully brushing sand from a half-buried ancient carved stone block, tools and buckets nearby, warm light, any carvings blurred and unreadable, no signs, no readable text. No readable text, letters, numbers, logos, or watermarks anywhere in the image."
augustus-1-main,3:2,"Warm children's book illustration: a young man of about eighteen in a white toga reads an unrolled papyrus scroll, a few older men in togas watch him with doubtful faces, a simple ancient courtyard behind them, sunny day, the writing on the scroll only faint unreadable lines, no text or letters anywhere in the image. No readable text, letters, numbers, logos, or watermarks anywhere in the image."
augustus-1-side,3:4,"Simple warm illustration: a rolled papyrus scroll closed with a red wax seal lies on a plain wooden table, soft calm light, the seal plain and without letters, no text or letters anywhere in the image. No readable text, letters, numbers, logos, or watermarks anywhere in the image."
augustus-2-main,3:2,"Warm historical illustration: a building site in ancient Rome, workers raise a white marble column with a tall wooden crane, a half-finished marble temple shines in the sunlight, simple brick houses in the background, calm and peaceful mood, no soldiers, no text or letters anywhere in the image. No readable text, letters, numbers, logos, or watermarks anywhere in the image."
augustus-2-side,3:4,"Clean educational image split in two halves: left half a rough wall of red-brown ancient bricks, right half a smooth polished white marble wall, even soft light, simple and clear, no text or letters anywhere in the image. No readable text, letters, numbers, logos, or watermarks anywhere in the image."
augustus-3-main,3:2,"Sober historical illustration: a calm middle-aged Roman leader in a plain white toga sits on a simple wooden bench among Roman senators in a marble hall, no crown, no throne, the senators talk with him as equals, dignified quiet mood, warm light, no violence, no text or letters anywhere in the image. No readable text, letters, numbers, logos, or watermarks anywhere in the image."
augustus-3-side,3:4,"Simple symbolic illustration: a simple golden diadem (a thin royal headband) lies on a marble table, a man's hand gently pushes it away, plain calm background, soft light, no faces, no text or letters anywhere in the image. No readable text, letters, numbers, logos, or watermarks anywhere in the image."
augustus-4-main,3:2,"Photorealistic image of an ancient Roman marble statue in the style of the Augustus of Prima Porta: a man in decorated Roman armor with his right arm raised, calm ideal young face, plain neutral museum background, soft even light, no pedestal, no labels, no text or letters anywhere in the image. No readable text, letters, numbers, logos, or watermarks anywhere in the image."
augustus-4-side,3:4,"Close-up illustration of an ancient Roman coin showing a man's head in profile, worn gold-silver metal texture, plain dark background, all letters and inscriptions removed, no text anywhere in the image. No readable text, letters, numbers, logos, or watermarks anywhere in the image."
augustus-5-main,3:2,"Photorealistic image of a weathered ancient temple wall densely covered with faint, worn, unreadable carved letters, warm evening light raking across the stone, quiet and monumental mood, no people, no signs, no readable text anywhere in the image. No readable text, letters, numbers, logos, or watermarks anywhere in the image."
augustus-5-side,3:4,"Photorealistic close-up: a craftsman's hands hold a chisel and a small hammer and cut marks into a white marble surface, fine stone dust, warm workshop light, the marks generic and unreadable, no text or letters anywhere in the image. No readable text, letters, numbers, logos, or watermarks anywhere in the image."
jesus-of-nazareth-1-main,3:2,"Warm classical-style illustration: a teacher in simple first-century robes sits on a stone by the Sea of Galilee, seen from behind and at a distance so his face is not visible, the focus on a small group of fishermen listening, green hills behind, a wooden fishing boat with nets at the water's edge, soft daylight, respectful and calm, no clear face on the teacher, no halo, no cross, no religious symbols, no text. No readable text, letters, numbers, logos, or watermarks anywhere in the image."
jesus-of-nazareth-1-side,3:4,"Warm classical-style illustration: a shepherd in simple ancient clothes carries a sheep on his shoulders, a small flock follows on a dry hilly path in the eastern Mediterranean, soft evening light, gentle mood, no halo, no symbols, no text. No readable text, letters, numbers, logos, or watermarks anywhere in the image."
jesus-of-nazareth-2-main,3:2,"Respectful classical-style illustration: a teacher in simple first-century robes stands on a green hillside above the Sea of Galilee, seen from behind and at a distance so his face is not visible, the focus on the large seated crowd of men, women, and children listening, spring flowers, soft light, peaceful mood, no clear face on the teacher, no halo, no cross, no religious symbols, no text. No readable text, letters, numbers, logos, or watermarks anywhere in the image."
jesus-of-nazareth-2-side,3:4,"Simple warm illustration: two people after a quarrel, one reaches out an open hand and the other takes it, calm faces, soft colors, neutral modern clothes, hopeful mood, no text, no symbols. No readable text, letters, numbers, logos, or watermarks anywhere in the image."
jesus-of-nazareth-3-main,3:2,"Respectful classical-style illustration: on a dusty road between rocky hills in the ancient Middle East, a man kneels beside a hurt traveler, gives him water and wraps a cloth bandage around his arm, a donkey waits nearby, two small figures walk away in the distance, warm light, gentle mood, no blood, no text. No readable text, letters, numbers, logos, or watermarks anywhere in the image."
jesus-of-nazareth-3-side,3:4,"Warm flat illustration: on a modern city street, a young person helps a stranger who has fallen, picking up dropped bags, the two people from visibly different backgrounds, friendly faces, soft colors, no readable text on signs, shirts, or bags, no text. No readable text, letters, numbers, logos, or watermarks anywhere in the image."
jesus-of-nazareth-4-main,3:2,"Stylized antique-looking map of the Mediterranean world with no text or labels at all, soft golden arrows flowing from the eastern shore of the sea westward and northward around the whole Mediterranean into Europe, North Africa, and western Asia, small simple fish outline symbols along the arrows, warm educational style, no crosses, absolutely no words on the map. No readable text, letters, numbers, logos, or watermarks anywhere in the image."
jesus-of-nazareth-4-side,3:4,"Photorealistic close-up: a simple fish outline scratched into an old rough stone wall in a Roman-era underground passage, warm oil-lamp light, quiet mood, only the plain fish shape, no letters, no crosses, no other symbols, no readable text. No readable text, letters, numbers, logos, or watermarks anywhere in the image."
jesus-of-nazareth-5-main,3:2,"Warm, quiet illustration: a scribe in simple first-century clothes writes with a reed pen on papyrus by the light of a small oil lamp, plain stone room in the eastern Mediterranean, finished scrolls beside him, the writing shown only as decorative unreadable strokes, no religious symbols, no readable text. No readable text, letters, numbers, logos, or watermarks anywhere in the image."
jesus-of-nazareth-5-side,3:4,"Photorealistic scene: a modern researcher with thin cotton gloves studies a small damaged papyrus fragment under glass with a magnifying lens, soft desk light, quiet library mood, the letterforms on the fragment generic and unreadable, no names, no labels, no readable text. No readable text, letters, numbers, logos, or watermarks anywhere in the image."
muhammad-1-main,3:2,"Photorealistic golden-hour scene in ancient western Arabia near Mecca: a small caravan of loaded camels seen from far away crosses a rocky desert valley, no people at all, no riders, no visible leader, a distant trading town of flat-roofed mud-brick houses at the foot of dark mountains, warm calm light, no text, no writing, no calligraphy. No readable text, letters, numbers, logos, or watermarks anywhere in the image."
muhammad-1-side,3:4,"Photorealistic vertical view of a small dark cave opening high on a rocky desert mountain near Mecca, seen from outside, empty cave, no people, soft morning light, peaceful quiet mood, no text, no writing, no calligraphy. No readable text, letters, numbers, logos, or watermarks anywhere in the image."
muhammad-2-main,3:2,"Warm storybook illustration of an early oasis town in Arabia, like early Medina: date palms, simple mud-brick houses, ordinary townspeople sharing bread and dates with poorer neighbors and children in a shaded courtyard, no central figure, no one shown as a prophet or leader, soft warm colors, friendly calm mood, no text, no writing, no calligraphy. No readable text, letters, numbers, logos, or watermarks anywhere in the image."
muhammad-2-side,3:4,"Flat warm vertical illustration: people of different ages sit in one even circle under date palms and share a simple meal of bread and dates, no person in the middle, no leader figure, everyone equal, soft colors, friendly mood, no text, no writing, no calligraphy. No readable text, letters, numbers, logos, or watermarks anywhere in the image."
muhammad-3-main,3:2,"Photorealistic still life: a large closed antique book with a plain dark leather cover decorated only with a simple embossed geometric star pattern, resting on a carved wooden folding book stand, a small glowing oil lamp beside it, dark quiet room, warm light, respectful mood, no visible letters or script, no calligraphy, no text. No readable text, letters, numbers, logos, or watermarks anywhere in the image."
muhammad-3-side,3:4,"Warm vertical illustration: children of different backgrounds sit in a circle in a sunny modern courtyard and recite together from memory, some with eyes closed, no open books, no adult in focus, friendly calm mood, no text, no writing, no calligraphy. No readable text, letters, numbers, logos, or watermarks anywhere in the image."
muhammad-4-main,3:2,"Detailed warm illustration of a medieval Baghdad hall of learning, the House of Wisdom: scholars in varied medieval Middle Eastern robes and turbans study with a brass astrolabe, a celestial globe (a globe of the stars, not a modern Earth globe), and stacks of books, arched hall decorated only with geometric tile patterns, soft daylight and candle light, calm scholarly mood, all book pages blank or turned away, no readable writing, no calligraphy, no text. No readable text, letters, numbers, logos, or watermarks anywhere in the image."
muhammad-4-side,3:4,"Photorealistic vertical close-up: a hand holds an antique brass astrolabe up against a deep blue starry night sky over a dark desert horizon, soft moonlight reflections on the metal, all engravings blurred and unreadable, no letters, no numbers, no calligraphy, no text. No readable text, letters, numbers, logos, or watermarks anywhere in the image."
muhammad-5-main,3:2,"Photorealistic scene in a modern archive: a conservator in white gloves leans over very old, worn parchment pages on a table, magnifying glass in hand, soft warm lamp light, the pages angled away from the camera and softly out of focus so no writing is visible, quiet focused mood, no readable script, no calligraphy, no text. No readable text, letters, numbers, logos, or watermarks anywhere in the image."
muhammad-5-side,3:4,"Flat vertical educational illustration in three stacked scenes: an elderly woman storyteller speaks to an adult listener; that listener, now older, tells a young person; the young person, now grown, writes in a large book with blank pages, simple timeless clothing, warm colors, calm mood, no speech-bubble text, no readable writing, no calligraphy, no text. No readable text, letters, numbers, logos, or watermarks anywhere in the image."
byzantine-empire-1-main,3:2,"Massive ancient double city walls of grey stone with thin red brick bands and square towers, one wall line behind the other, green grass in front, warm afternoon light, photorealistic, no people, no flags, no signs, no readable text. No readable text, letters, numbers, logos, or watermarks anywhere in the image."
byzantine-empire-1-side,3:4,"Extreme close-up of a glittering gold mosaic: thousands of tiny square golden and colored glass stones set at slightly different angles, catching warm light, photorealistic, shallow depth of field, no letters, no readable text. No readable text, letters, numbers, logos, or watermarks anywhere in the image."
byzantine-empire-2-main,3:2,"A vast late-antique domed church with a huge central dome, half-domes, and warm red-pink stone walls, seen from a green park under a clear sky, majestic and calm, photorealistic, no flags, no signs, no readable text. No readable text, letters, numbers, logos, or watermarks anywhere in the image."
byzantine-empire-2-side,3:4,"Interior view looking straight up into a vast Byzantine church dome with a ring of small arched windows at its base, golden light streaming in, soft haze, photorealistic, majestic and peaceful, no people, no calligraphy, no readable text. No readable text, letters, numbers, logos, or watermarks anywhere in the image."
byzantine-empire-3-main,3:2,"Dignified illustration: a team of scholars in simple late-antique robes sorting large piles of scrolls and bound books into neat stacks on long wooden tables in a grand palace hall, an emperor in a purple cloak watching calmly, warm light, serious and orderly mood, no readable text, no letters. No readable text, letters, numbers, logos, or watermarks anywhere in the image."
byzantine-empire-3-side,3:4,"A row of thick elegant books with plain leather spines on a wooden library shelf, warm quiet light, shallow depth of field, photorealistic, no readable titles, no text. No readable text, letters, numbers, logos, or watermarks anywhere in the image."
byzantine-empire-4-main,3:2,"Warm illustration of scribes in simple dark robes at wooden desks in a stone scriptorium, carefully copying open handwritten books by candle and window light, shelves of bound manuscripts behind them, quiet focused mood, the writing only faint unreadable lines, no real letters, no readable text. No readable text, letters, numbers, logos, or watermarks anywhere in the image."
byzantine-empire-4-side,3:4,"Gentle historical illustration: a scholar in a long dark robe carrying a wooden chest and an armful of bound books up a plank onto a wooden sailing ship in a calm harbor at dusk, a few travelers with bundles behind him, thoughtful and hopeful mood, no fire, no violence, no readable text. No readable text, letters, numbers, logos, or watermarks anywhere in the image."
byzantine-empire-5-main,3:2,"Atmospheric illustration of a sixteenth-century scholar in a fur-trimmed coat sitting at a wooden desk in a candle-lit study, an open printed book before him, quill in hand, shelves of books behind, thoughtful quiet mood, all pages and book spines blank or unreadable, no letters, no readable text. No readable text, letters, numbers, logos, or watermarks anywhere in the image."
byzantine-empire-5-side,3:4,"Clean antique-style map of the eastern Mediterranean, the Balkans, and Asia Minor in warm parchment tones, the lands around the Aegean Sea shaded in one soft color, a small golden dot at the strait between the Black Sea and the Mediterranean, completely without place names, no letters, no text. No readable text, letters, numbers, logos, or watermarks anywhere in the image."
vikings-1-main,3:2,"A long, low Viking-age wooden longship with overlapping planks, a single large square woolen sail and a high curved prow, sailing on the open sea, small crew in simple wool clothing, fresh wind and dramatic sky, photorealistic, no horned helmets, no weapons, no text, no readable letters. No readable text, letters, numbers, logos, or watermarks anywhere in the image."
vikings-1-side,3:4,"A Viking-age wooden longship with a shallow flat bottom lying in knee-deep clear water at a sandy river bank, a few sailors in simple wool clothes pulling it toward land with ropes, green forest behind, warm daylight, photorealistic, no horned helmets, no weapons, no text. No readable text, letters, numbers, logos, or watermarks anywhere in the image."
vikings-2-main,3:2,"Warm educational illustration: Viking-age traders rowing a long open wooden boat loaded with barrels and bundles of fur along a broad calm river, green forested banks, morning light, peaceful mood, children's book style, no horned helmets, no weapons, no text, no readable labels. No readable text, letters, numbers, logos, or watermarks anywhere in the image."
vikings-2-side,3:4,"Photorealistic close-up still life: rough pieces of raw Baltic amber and a string of polished amber beads on rough linen cloth, warm light glowing through the amber, quiet mood, no text, no labels. No readable text, letters, numbers, logos, or watermarks anywhere in the image."
vikings-3-main,3:2,"A single Viking-age wooden ship with a square sail, small on a vast open ocean under a wide dramatic sky, seabirds flying above, a sailor at the steering oar looking toward the horizon, sense of a long brave journey, photorealistic, no horned helmets, no weapons, no text. No readable text, letters, numbers, logos, or watermarks anywhere in the image."
vikings-3-side,3:4,"Photorealistic view of reconstructed Viking-age turf houses with grass-covered roofs and walls on a green coastal meadow near the sea, soft cloudy northern light, quiet mood, no people, no signs, no readable text. No readable text, letters, numbers, logos, or watermarks anywhere in the image."
vikings-4-main,3:2,"A tall gray runestone standing in a green meadow with small flowers, carved with a winding decorative snake-band filled with rune-like marks that form no real words, soft evening light, photorealistic, no readable words, no names, no signs, no text. No readable text, letters, numbers, logos, or watermarks anywhere in the image."
vikings-4-side,3:4,"Warm educational illustration of a Viking-age farm: a wooden longhouse with a grass roof, a confident woman in a simple wool dress with iron keys hanging at her belt directing the farm work, people carrying hay, sheep and hens in the yard, green hills behind, friendly daylight, no horned helmets, no weapons, no text. No readable text, letters, numbers, logos, or watermarks anywhere in the image."
vikings-5-main,3:2,"Atmospheric, calm close-up of a medieval monk's hand writing with a quill on the open page of a large book by candlelight, the sleeve of a plain brown robe visible, warm light on the parchment, the page showing only blurred unreadable lines, no face, no readable words, no text, no labels. No readable text, letters, numbers, logos, or watermarks anywhere in the image."
vikings-5-side,3:4,"Photorealistic museum-style image of a simple rounded iron helmet from the Viking age with a small spectacle-shaped guard around the eyes and nose, no horns of any kind, plain dark background, soft studio light, no labels, no text. No readable text, letters, numbers, logos, or watermarks anywhere in the image."
crusades-1-main,3:2,"Wide storybook illustration: a long line of medieval European travelers around the year 1100 - a few knights on horses, many farmers and families on foot with bundles and walking sticks - on a dusty road through green hills toward a distant blue sea, warm morning light, calm documentary mood, no battle, no raised weapons, no banners, no text, no writing. No readable text, letters, numbers, logos, or watermarks anywhere in the image."
crusades-1-side,3:4,"Friendly storybook illustration: a medieval European knight in chain mail rests beside his brown horse at the edge of a country road, helmet under his arm, calm kind face, sword sheathed, soft daylight, not frightening, no battle, no heraldic symbols, no text, no labels. No readable text, letters, numbers, logos, or watermarks anywhere in the image."
crusades-2-main,3:2,"Warm educational illustration: a medieval church leader in plain robes speaks from a simple wooden platform in an open field in France around 1095, a large crowd of farmers, townspeople, and a few knights listens with serious faces, autumn light, calm mood, no weapons raised, no banners, no text, no writing. No readable text, letters, numbers, logos, or watermarks anywhere in the image."
crusades-2-side,3:4,"Warm respectful illustration: a merchant at a market stall in a medieval Middle Eastern city, bowls of colorful spices, folded fine cloth, ceramic jars, shaded awning, warm sunlight, everyday calm scene, no caricature, no text, no signs, no labels. No readable text, letters, numbers, logos, or watermarks anywhere in the image."
crusades-3-main,3:2,"Detailed warm illustration: a busy medieval Mediterranean port around the year 1200, wooden sailing ships at a stone quay, workers carrying sacks, ceramic jars, and bales of cloth, merchants from Europe and the Middle East talking together peacefully, warm afternoon light, no soldiers, no weapons, no flags, no text, no writing. No readable text, letters, numbers, logos, or watermarks anywhere in the image."
crusades-3-side,3:4,"Quiet warm illustration: a medieval scholar at a wooden desk with two open handwritten books, copying from one into the other with a quill, candlelight, shelves with scrolls behind, all script blurred, generic and unreadable, no real letters, no text, no labels. No readable text, letters, numbers, logos, or watermarks anywhere in the image."
crusades-4-main,3:2,"Photorealistic image: weathered medieval stone city walls with square towers and a closed wooden gate at dawn, empty and quiet, soft grey-gold light, somber calm mood, no people, no battle, no fire, no flags, no religious symbols, no signs, no readable text. No readable text, letters, numbers, logos, or watermarks anywhere in the image."
crusades-4-side,3:4,"Detailed illustration of medieval Constantinople around the year 1200 seen from the water: long stone sea walls, a huge domed church rising above rooftops, harbors with wooden sailing ships, warm evening light, peaceful mood, no attack, no smoke, no minarets, no flags, no text, no writing. No readable text, letters, numbers, logos, or watermarks anywhere in the image."
crusades-5-main,3:2,"Photorealistic still life: two old handwritten books open side by side on a dark wooden desk, one page with generic unreadable Latin-style script, one page with generic unreadable Arabic-style calligraphy, equal size, warm even light on both books, quiet scholarly mood, no real words, no names, no symbols, no readable text. No readable text, letters, numbers, logos, or watermarks anywhere in the image."
crusades-5-side,3:4,"Photorealistic image: a historian at a wooden reading table in a quiet archive, old manuscripts and documents spread out under a soft lamp, shelves of old books behind, focused calm mood, all writing blurred and unreadable, no logos, no signs, no readable text. No readable text, letters, numbers, logos, or watermarks anywhere in the image."
black-death-1-main,3:2,"Warm historical illustration of a busy medieval European harbor around the year 1347, wooden cog ships with square sails at a stone quay, merchants unloading barrels and sacks, a walled town with towers behind, calm daylight, ordinary and peaceful mood, no people who look sick, no beak masks, no text, no writing, no labels. No readable text, letters, numbers, logos, or watermarks anywhere in the image."
black-death-1-side,3:4,"A simple parchment-style map with curved routes crossing seas and lands, small dots for towns joined by thin lines, warm old-map colors, decorative but clean, absolutely no place names, no letters, no numbers, no text of any kind. No readable text, letters, numbers, logos, or watermarks anywhere in the image."
black-death-2-main,3:2,"A natural-history style illustration of a single brown rat beside sacks of grain in an old wooden storehouse, soft daylight from a small window, calm and factual mood like a nature book, realistic but not frightening, no people, no text, no writing, no labels. No readable text, letters, numbers, logos, or watermarks anywhere in the image."
black-death-2-side,3:4,"A clean scientific natural-history illustration of a single flea seen from the side, enlarged like in an old biology book, fine detail, plain pale background, factual and calm, no text, no labels, no numbers. No readable text, letters, numbers, logos, or watermarks anywhere in the image."
black-death-3-main,3:2,"A wide, calm medieval countryside illustration: one or two peasants working in a very large open field, a small quiet village with a few houses behind, lots of empty land, soft daylight, thoughtful peaceful mood, no crowds, no text, no writing, no labels. No readable text, letters, numbers, logos, or watermarks anywhere in the image."
black-death-3-side,3:4,"A warm close illustration of one hand placing coins into the open hand of a farm worker in simple medieval clothes, soft light, calm and dignified, coins plain with no readable marks, no text, no writing, no labels. No readable text, letters, numbers, logos, or watermarks anywhere in the image."
black-death-4-main,3:2,"A calm historical illustration of a medieval sea city around the 1300s, wooden sailing ships waiting at anchor a short way offshore, a walled stone city with towers behind the water, soft daylight, quiet and orderly mood, no beak masks, no sick people, no text, no writing, no labels. No readable text, letters, numbers, logos, or watermarks anywhere in the image."
black-death-4-side,3:4,"A calm illustration of a low stone quarantine building on a small island by the sea, a few sailors in simple medieval clothes waiting outside near a small wooden boat, soft daylight, orderly and quiet, no sick people, no text, no writing, no labels. No readable text, letters, numbers, logos, or watermarks anywhere in the image."
black-death-5-main,3:2,"A bright modern science laboratory, two or three scientists in white coats and gloves studying test tubes and looking into a microscope, a clean tray with a few small pale bone fragments seen from a respectful distance, careful and calm mood, no close-up human skull, no whole skeleton, no text, no writing, no readable labels. No readable text, letters, numbers, logos, or watermarks anywhere in the image."
black-death-5-side,3:4,"A photorealistic old medieval manuscript lying open on a wooden table, yellowed pages with rows of handwriting and a small painted decoration in the corner, warm soft light, the writing soft and not readable in any language, no clear words, no readable text, no labels. No readable text, letters, numbers, logos, or watermarks anywhere in the image."
genghis-khan-1-main,3:2,"Cinematic wide shot of a vast green steppe under a huge sky, a herd of horses grazing, three round white felt tents in the middle distance, a lone young rider seen from behind far away, warm evening light; no modern objects, no text, no letters. No readable text, letters, numbers, logos, or watermarks anywhere in the image."
genghis-khan-1-side,3:4,"Photorealistic image of a round white felt yurt on green steppe, simple wooden door, blue sky, soft daylight; simple geometric patterns only, no letters, no symbols, no text. No readable text, letters, numbers, logos, or watermarks anywhere in the image."
genghis-khan-2-main,3:2,"Dynamic realistic illustration: a lone messenger in simple medieval Central Asian riding clothes gallops on a sturdy horse across open green-brown steppe, dust behind the hooves, leather bag over his shoulder, low warm sun; no weapons, no text, no letters. No readable text, letters, numbers, logos, or watermarks anywhere in the image."
genghis-khan-2-side,3:4,"Photorealistic close-up of a hand holding a worn, plain bronze tablet with a rounded top and a metal ring through a hole, blurred steppe background, warm light; the tablet surface is worn completely smooth, no characters, no symbols, no text. No readable text, letters, numbers, logos, or watermarks anywhere in the image."
genghis-khan-3-main,3:2,"Colorful respectful illustration of a peaceful market day in a medieval steppe empire: traders and travelers in clothing styles from East Asia, Persia, and Europe talk and trade between round felt tents and loaded camels, warm daylight, friendly mood; no caricatures, no flags with writing, no text, no letters. No readable text, letters, numbers, logos, or watermarks anywhere in the image."
genghis-khan-3-side,3:4,"Warm illustration: a medieval Central Asian craft worker hammers a small silver cup at a wooden workbench, tools and finished cups around, soft workshop light, calm mood; no text, no letters, no stamps. No readable text, letters, numbers, logos, or watermarks anywhere in the image."
genghis-khan-4-main,3:2,"Warm historical illustration: a caravan of loaded two-humped camels walks along a dry road through golden hills, merchants in medieval Central Asian clothes walking beside them, late afternoon light, peaceful mood; no text, no letters, no flags. No readable text, letters, numbers, logos, or watermarks anywhere in the image."
genghis-khan-4-side,3:4,"Simple parchment-style map showing the shapes of Asia and Europe, one long road line drawn from East Asia to Eastern Europe, tiny caravan and horse icons along the road, warm paper tones; no letters, no numbers, no place names, no text. No readable text, letters, numbers, logos, or watermarks anywhere in the image."
genghis-khan-5-main,3:2,"Photorealistic still life on a dark wooden table: a stitched East Asian-style book, a leather-bound book with Persian-style geometric cover patterns, and a rolled parchment scroll, warm candlelight, quiet mood; all covers plain, no readable characters in any language, no text. No readable text, letters, numbers, logos, or watermarks anywhere in the image."
genghis-khan-5-side,3:4,"Atmospheric illustration: a traveler in a simple medieval robe sits by a small campfire at night near round felt tents on the steppe, writing in a small book, warm firelight, starry sky; the page is blank, no readable text, no letters. No readable text, letters, numbers, logos, or watermarks anywhere in the image."
joan-of-arc-1-main,3:2,"Warm storybook illustration: a young farm girl in simple medieval clothes seen from behind, watching a few sheep in a green valley, a small medieval French village with low houses and a little church tower in the distance, soft morning light, peaceful mood; no armor, no weapons, no text, no letters. No readable text, letters, numbers, logos, or watermarks anywhere in the image."
joan-of-arc-1-side,3:4,"Photorealistic image of a small plain suit of medieval armor on a wooden stand in a dim smith's workshop, breastplate, helmet and metal gloves, simple tools on a wooden bench, warm light from a small window; completely plain metal, no marks, no symbols, no letters, no text. No readable text, letters, numbers, logos, or watermarks anywhere in the image."
joan-of-arc-2-main,3:2,"Atmospheric historical illustration: a medieval walled city on a wide river at dawn, seen from a distance, rows of simple army tents with thin campfire smoke outside the closed gates, cool morning light, quiet tense mood; no battle, no fire on buildings, no readable flags, no text, no letters. No readable text, letters, numbers, logos, or watermarks anywhere in the image."
joan-of-arc-2-side,3:4,"Photorealistic low-angle image of a plain white cloth banner on a long wooden pole against a blue sky with light clouds, two hands in simple medieval gloves holding the pole at the bottom edge, wind in the cloth, hopeful mood; the banner completely plain, no symbols, no letters, no text. No readable text, letters, numbers, logos, or watermarks anywhere in the image."
joan-of-arc-3-main,3:2,"Serious historical illustration: a young prisoner in simple dark medieval clothes stands alone in a large stone hall, seen from behind, facing rows of seated judges in dark robes, cool light from high windows, calm and quiet mood; no chains, no violence, no readable books or papers, no text, no letters. No readable text, letters, numbers, logos, or watermarks anywhere in the image."
joan-of-arc-3-side,3:4,"Photorealistic close-up of a medieval scribe's hands writing with a quill pen in a thick open register, ink pot and burning candle on the wooden desk, warm candlelight; the writing only decorative unreadable strokes at an angle, no real words, no letters, no numbers, no text. No readable text, letters, numbers, logos, or watermarks anywhere in the image."
joan-of-arc-4-main,3:2,"Solemn historical illustration inside a great gothic cathedral: a young man kneels before a bishop who holds a golden crown above his head, lords in fine medieval clothes standing around, high pillars, soft colored light from tall windows, respectful mood; generic faces, no readable text, no letters, no lettered banners. No readable text, letters, numbers, logos, or watermarks anywhere in the image."
joan-of-arc-4-side,3:4,"Photorealistic still life of a plain golden crown on a red velvet cushion on a stone table, soft warm light in a dark room, quiet and solemn mood; simple shapes only, no writing, no letters, no symbols, no text. No readable text, letters, numbers, logos, or watermarks anywhere in the image."
joan-of-arc-5-main,3:2,"Photorealistic scene in a quiet archive reading room: a researcher with thin white gloves turns a page in a thick leather-bound medieval register, more worn volumes on the table, soft desk light, calm scholarly mood; the writing only generic unreadable strokes at an angle, no real words, no letters, no numbers, no text. No readable text, letters, numbers, logos, or watermarks anywhere in the image."
joan-of-arc-5-side,3:4,"Wide view of a quiet old European town square at dusk, a gilded equestrian statue standing small in the upper part of the frame on a plain stone base, seen from a distance at a low angle against the fading evening sky so the rider is almost a silhouette, the rider a generic figure in a simple cloak holding a plain smooth banner, face not visible, generic old European stone buildings around the square, calm evening light, a few pigeons on the cobblestones. No inscription or plaque on the base. No readable text, letters, numbers, logos, or watermarks anywhere in the image."
renaissance-1-main,3:2,"Warm historical illustration of a busy Italian trading port around the fifteenth century: wooden sailing ships being unloaded, workers carrying bales of cloth and sacks of spices, merchants in long robes talking on a stone quay, towers and a great dome in the background, golden afternoon light; no flags with writing, no text, no letters. No readable text, letters, numbers, logos, or watermarks anywhere in the image."
renaissance-1-side,3:4,"Warm vertical illustration of a fifteenth-century Italian city: a great brick dome rising over a church roof, wooden scaffolding around the unfinished top, tiny workers on the high platforms, red tiled roofs below, soft afternoon light; no text, no letters, no symbols. No readable text, letters, numbers, logos, or watermarks anywhere in the image."
renaissance-2-main,3:2,"Atmospheric illustration of a scholar in a long fifteenth-century robe standing in a dim monastery book room, holding an old bound manuscript toward the light of a small window, wooden shelves, open chests and a few chained volumes around him, dust in the light beam, no one writing; all pages angled away or blurred, no readable script, no text, no letters. No readable text, letters, numbers, logos, or watermarks anywhere in the image."
renaissance-2-side,3:4,"Calm vertical illustration of a monk in a simple robe reaching for a heavy chained book on a tall wooden shelf in a dim monastery book room, an open wooden chest with old volumes at his feet, soft light from a small window, stone wall behind; no writing scene, plain covers, pages angled away, no script, no text, no letters. No readable text, letters, numbers, logos, or watermarks anywhere in the image."
renaissance-3-main,3:2,"Photorealistic view straight down a long renaissance arcade: rows of round arches and slim columns, a tiled stone floor, the receding lines running toward one far vanishing point, soft morning light; no people, no signs, no readable text, no letters. No readable text, letters, numbers, logos, or watermarks anywhere in the image."
renaissance-3-side,3:4,"Vertical close-up of a renaissance artist's hands drawing on a pale wooden panel with a ruler, thin strings stretched from one small nail guiding the lines, a simple line drawing of a street and houses taking shape, warm workshop light; no letters, no numbers, no text. No readable text, letters, numbers, logos, or watermarks anywhere in the image."
renaissance-4-main,3:2,"Warm historical illustration of a book stall in a fifteenth-century university town square: students in long robes leafing through small printed books on the stall, the seller talking with one of them, town houses and soft daylight behind; all pages at sharp angles or out of focus, no readable letters, no text. No readable text, letters, numbers, logos, or watermarks anywhere in the image."
renaissance-4-side,3:4,"Calm vertical illustration of a young scholar in a plain fifteenth-century robe reading a small printed book by a window, simple wooden table, soft daylight on his face and hands; the pages angled away or out of focus, no readable text, no letters. No readable text, letters, numbers, logos, or watermarks anywhere in the image."
renaissance-5-main,3:2,"Photorealistic museum scene: two framed paintings side by side on a plain wall — left, a flat medieval-style portrait of a standing woman in a long robe on a gold background; right, a renaissance-style painting of a woman in a long robe in a deep room with tiled floor and window — one visitor seen from behind between them, soft gallery light; both artworks invented and generic, no labels, no signs, no readable text. No readable text, letters, numbers, logos, or watermarks anywhere in the image."
renaissance-5-side,3:4,"Photorealistic vertical still life of a nineteenth-century scholar's desk: an open notebook with blank pages, an ink pen, a small brass oil lamp, a globe, and eyeglasses on dark polished wood, warm evening light; all pages and book spines blank, no readable text, no letters, no numbers. No readable text, letters, numbers, logos, or watermarks anywhere in the image."
leonardo-da-vinci-1-main,3:2,"Warm storybook illustration of a Renaissance workshop in Italy: a young apprentice watches an older master paint at a wooden easel, helpers grind pigments and shape a small metal figure in the background, soft window light; all faces generic, the canvas shows only vague unfinished shapes, no text, no letters, no signatures. No readable text, letters, numbers, logos, or watermarks anywhere in the image."
leonardo-da-vinci-1-side,3:4,"Photorealistic close-up of young hands grinding bright blue pigment powder with a grinding stone on a stone slab, small bowls of red and yellow powdered color nearby, warm workshop light; no faces, no text, no letters. No readable text, letters, numbers, logos, or watermarks anywhere in the image."
leonardo-da-vinci-2-main,3:2,"Atmospheric photorealistic image of an old open notebook on a dark wooden table at an angle, pages with small ink sketches of a water wheel, swirling water and a plant, dense handwriting rendered only as vague blurred decorative marks, warm candlelight; no readable letters in any language, no signatures, no text. No readable text, letters, numbers, logos, or watermarks anywhere in the image."
leonardo-da-vinci-2-side,3:4,"Photorealistic close-up of a hand holding a small round mirror beside an old handwritten page, the reflection visible in the glass, warm library light; all writing on page and in reflection is soft unreadable decorative strokes only, no real letters, no text. No readable text, letters, numbers, logos, or watermarks anywhere in the image."
leonardo-da-vinci-3-main,3:2,"Atmospheric realistic illustration: a man in simple Renaissance clothes seen from behind at a candlelit wooden desk, drawing on large paper sheets with faint suggested sketch lines of an arm and a hand, dark calm room, warm candlelight; no body, no blood, no readable letters or labels, no text. No readable text, letters, numbers, logos, or watermarks anywhere in the image."
leonardo-da-vinci-3-side,3:4,"A red chalk anatomical drawing of a human heart on worn old paper, Renaissance study style, calm scientific mood, soft light; no blood, no letters, no numbers, no labels, no text. No readable text, letters, numbers, logos, or watermarks anywhere in the image."
leonardo-da-vinci-4-main,3:2,"Photorealistic image of a workbench in a bright historical workshop, large paper sheets with faint sketch lines of bat-like wings, one small unfinished test wing of thin wood, rope and cloth lying on the bench, simple hand tools beside it, soft light from a high window, calm mood; no finished machine, no people, all sketches vague, no text, no letters, no labels. No readable text, letters, numbers, logos, or watermarks anywhere in the image."
leonardo-da-vinci-4-side,3:4,"Photorealistic image of a pyramid-shaped parachute of pale linen cloth floating high in a clear blue sky, a tiny anonymous figure hanging below on ropes, calm and safe mood, soft daylight; no text, no letters, no logos. No readable text, letters, numbers, logos, or watermarks anywhere in the image."
leonardo-da-vinci-5-main,3:2,"Photorealistic image of a conservator in white gloves arranging loose worn sketch pages of different sizes on a glowing light table, fitting them together like a puzzle, dark room around the bright table, quiet concentrated mood; all writing and sketches vague and unreadable, no real letters, no text. No readable text, letters, numbers, logos, or watermarks anywhere in the image."
leonardo-da-vinci-5-side,3:4,"A simple parchment-style map showing the shape of Europe, small worn blank paper fragments lying on different countries, thin dotted lines joining them, warm paper tones, soft light; no letters, no numbers, no place names, no readable symbols, no text. No readable text, letters, numbers, logos, or watermarks anywhere in the image."
johannes-gutenberg-1-main,3:2,"Warm historical illustration of a medieval scribe in a simple robe writing with a feather pen at a slanted wooden desk, candlelight, a few closed books on shelves behind, quiet mood; the page is blank, no readable letters, no text. No readable text, letters, numbers, logos, or watermarks anywhere in the image."
johannes-gutenberg-1-side,3:4,"Photorealistic close-up of a thick leather-bound medieval book with brass clasps on a dark wooden shelf, an iron chain locking it to the shelf, soft window light; plain cover, no letters, no titles, no text. No readable text, letters, numbers, logos, or watermarks anywhere in the image."
johannes-gutenberg-2-main,3:2,"Warm realistic illustration of a 15th-century printing workshop, a large wooden screw press in the center, one worker pulling the press bar, another hanging fresh paper sheets to dry, window light, wood tones; all sheets blank or unreadable, no letters, no text. No readable text, letters, numbers, logos, or watermarks anywhere in the image."
johannes-gutenberg-2-side,3:4,"Photorealistic close-up of fingers holding a small rectangular metal block seen from the side, a wooden tray full of similar metal blocks blurred in the background, warm workshop light; block faces turned away or out of focus, no readable letters, no text. No readable text, letters, numbers, logos, or watermarks anywhere in the image."
johannes-gutenberg-3-main,3:2,"Respectful realistic illustration of a historical East Asian printing workshop, a craftsman in traditional dress brushing ink onto a carved wooden block and rubbing a paper sheet onto it by hand, finished sheets beside him, soft daylight; all carvings and sheets abstract and unreadable, no real characters, no text. No readable text, letters, numbers, logos, or watermarks anywhere in the image."
johannes-gutenberg-3-side,3:4,"Photorealistic close-up of hands shaping a small square block of soft brown clay at a wooden table, a tray of similar small clay blocks drying beside, warm light; all block faces blank or turned away, no characters, no letters, no text. No readable text, letters, numbers, logos, or watermarks anywhere in the image."
johannes-gutenberg-4-main,3:2,"Warm historical illustration of a 16th-century European town square, a man on a step reading aloud from a printed sheet, a mixed crowd of townspeople listening with interest, a small stall with thin booklets nearby, daylight; all paper blank or unreadable, no letters, no text. No readable text, letters, numbers, logos, or watermarks anywhere in the image."
johannes-gutenberg-4-side,3:4,"Warm vertical illustration of a printer's stall at the edge of a sixteenth-century town square, a seller handing a thin printed booklet to a buyer, low stacks of thin booklets on the wooden counter, townspeople passing behind, soft daylight; all pages at sharp angles or out of focus, no readable letters, no text. No readable text, letters, numbers, logos, or watermarks anywhere in the image."
johannes-gutenberg-5-main,3:2,"Photorealistic close view of an old folded parchment document with a hanging red wax seal on a dark wooden table, a magnifying glass beside it, soft lamp light, quiet mood; no person, all script faded and unreadable, plain seal, no readable words, no letters, no numbers, no text. No readable text, letters, numbers, logos, or watermarks anywhere in the image."
johannes-gutenberg-5-side,3:4,"Photorealistic image of an ornate empty gilded picture frame hanging on a dark wood-paneled wall, museum-style spotlight, only shadowed wall inside the frame, quiet mood; no plaque, no label, no letters, no text. No readable text, letters, numbers, logos, or watermarks anywhere in the image."
christopher-columbus-1-main,3:2,"Cinematic wide shot of three small wooden sailing ships from about 500 years ago crossing a vast open ocean, seen from behind at a distance, sailing toward the horizon in warm evening light, no land visible, calm epic mood; all sails plain, no crosses, no symbols, no flags with markings, no text, no letters. No readable text, letters, numbers, logos, or watermarks anywhere in the image."
christopher-columbus-1-side,3:4,"Photorealistic close-up on the wooden deck of a historical sailing ship: a large wooden barrel, hard round bread on a cloth, coiled ropes, soft morning light at sea, calm mood; no people in focus, no stamps, no symbols, no text, no letters. No readable text, letters, numbers, logos, or watermarks anywhere in the image."
christopher-columbus-2-main,3:2,"Atmospheric realistic scene: a candlelit study from about 500 years ago, rolled parchment sea charts on a wooden table, one chart spread open, a brass astrolabe and a quadrant beside it, a man in period clothes seen from behind studying the chart, warm candlelight, quiet mood; face not visible, charts show only vague coast lines, no place names, no numbers, no text, no letters. No readable text, letters, numbers, logos, or watermarks anywhere in the image."
christopher-columbus-2-side,3:4,"Photorealistic close-up: two hands use a metal divider tool to measure a distance on an old parchment sea chart, warm candlelight, quiet mood; the chart shows only faint coast lines, no place names, no numbers, no grid, no text, no letters. No readable text, letters, numbers, logos, or watermarks anywhere in the image."
christopher-columbus-3-main,3:2,"Warm respectful illustration of everyday life in a Taíno village on a Caribbean island: round wooden houses with palm-leaf roofs, people tending garden plots and cooking, dugout canoes on a white beach, green hills, soft tropical light, peaceful documentary mood; no caricature, no Europeans, no ships, no text, no letters. No readable text, letters, numbers, logos, or watermarks anywhere in the image."
christopher-columbus-3-side,3:4,"A traditional hand-woven cotton hammock without wooden spreader bars, tied directly to two palm tree trunks with simple rope knots, gently sagging, beside a simple round dwelling of wooden poles with a palm-leaf thatched roof standing directly on sandy ground, no stairs, no masonry, no plastered walls, warm Caribbean afternoon light, calm and quiet, no people. No readable text, letters, numbers, logos, or watermarks anywhere in the image."
christopher-columbus-4-main,3:2,"Somber realistic illustration: a wide field on a Caribbean island about 500 years ago, indigenous families working the ground and carrying heavy baskets, a few European colonists in period clothes standing watch, in the foreground a young colonist standing at a distance and only watching, muted daylight, calm documentary mood; no violence, no whips, no chains, no writing hand, no caricature, no text, no letters. No readable text, letters, numbers, logos, or watermarks anywhere in the image."
christopher-columbus-4-side,3:4,"Quiet warm vertical still life: a tall stack of finished handwritten pages on a wooden desk by candlelight, a quill resting in an ink pot beside it, a small window showing a tropical night sky, calm mood; no person, no writing hand, all script blurred and unreadable, no real words, no religious symbols, no text, no letters. No readable text, letters, numbers, logos, or watermarks anywhere in the image."
christopher-columbus-5-main,3:2,"Photorealistic image: a weathered stone statue of a sailor from about 500 years ago on a plain bare pedestal, seen from behind in silhouette against a bright evening sky, one arm pointing toward a distant sea, thoughtful somber mood; generic anonymous figure, face not visible, no plaque, no letters, no numbers, no symbols, no text. No readable text, letters, numbers, logos, or watermarks anywhere in the image."
christopher-columbus-5-side,3:4,"Photorealistic landscape: low grassy mounds, the remains of ancient turf houses, on a green coastal meadow under a cool cloudy northern sky, calm sea in the background, quiet timeless mood; no signs, no markers, no fences, no people, no text, no letters. No readable text, letters, numbers, logos, or watermarks anywhere in the image."
ferdinand-magellan-1-main,3:2,"Cinematic wide shot of three small wooden sailing ships from about 500 years ago moving in a line through a narrow strait between steep snow-topped mountains and dark forested shores, small round-hulled carracks of the early sixteenth century with high stern castles and square sails, no gun ports in rows, cold grey-blue light, low clouds, a thin column of smoke on a distant shore, quiet epic mood; exactly three ships, all sails plain, no crosses, no symbols, no text, no letters. No readable text, letters, numbers, logos, or watermarks anywhere in the image."
ferdinand-magellan-1-side,3:4,"A small group of Magellanic penguins on a rocky windy Patagonian shore, black and white birds with two black bands across the white chest and a white band curving around each side of the head, grey choppy sea and low clouds behind, cool overcast light, realistic wildlife photo style, no people, no ships. No readable text, letters, numbers, logos, or watermarks anywhere in the image."
ferdinand-magellan-2-main,3:2,"Cinematic aerial wide shot from high above: one small wooden sailing ship from about 500 years ago, a small round-hulled carrack of the early sixteenth century with a high stern castle and square sails, no gun ports in rows, tiny and alone in an endless calm blue ocean under a vast hazy sky, no land in sight, midday light, quiet and slightly unsettling mood; sails plain, no text, no letters. No readable text, letters, numbers, logos, or watermarks anywhere in the image."
ferdinand-magellan-2-side,3:4,"Photorealistic vertical image of the earth seen from space, the side that is almost entirely ocean, a blue disk with white cloud patterns and only small edges of land at the rim, black space around, calm mood; no lines, no grid, no labels, no text, no letters, no numbers. No readable text, letters, numbers, logos, or watermarks anywhere in the image."
ferdinand-magellan-3-main,3:2,"Realistic historical illustration: dawn on a tropical beach of a small island in the Philippines about 500 years ago, warriors of the island seen from behind and from the side standing in shallow water, each wearing a wrapped loincloth or short wrapped cloth that fully covers the hips and buttocks, bare upper bodies, cloth headbands, wooden shields and spears, looking out to sea where three small European sailing ships lie far off beyond the reef and a few rowing boats approach, calm tense mood before any fight, respectful, no caricature, no nudity, no bare buttocks, no violence, no blood, no symbols on sails. No readable text, letters, numbers, logos, or watermarks anywhere in the image."
ferdinand-magellan-3-side,3:4,"Photorealistic vertical image of a tall bronze statue of a warrior chief of the Philippines, strong figure with a traditional sword and round shield on a plain bare stone pedestal, palm trees and a bright tropical sky behind, dignified mood; generic figure, no plaque, no letters, no numbers, no symbols, no text. No readable text, letters, numbers, logos, or watermarks anywhere in the image."
ferdinand-magellan-4-main,3:2,"Warm realistic illustration: on the deck of a wooden ship anchored in a tropical bay about 500 years ago, a young Southeast Asian man in simple period clothes stands at the rail speaking with islanders in an outrigger boat alongside, European sailors behind him watching and listening, soft morning light, respectful mood; no caricature, no chains, sails plain, no text, no letters. No readable text, letters, numbers, logos, or watermarks anywhere in the image."
ferdinand-magellan-4-side,3:4,"Simple parchment-style map of the seas of Southeast Asia in warm paper tones, a long peninsula, big islands to the south and a group of many small islands to the east, sea drawn with fine wave lines, vertical format; no place names, no letters, no numbers, no compass rose, no text. No readable text, letters, numbers, logos, or watermarks anywhere in the image."
ferdinand-magellan-5-main,3:2,"Cinematic realistic image: a single battered wooden sailing ship from about 500 years ago, a small round-hulled carrack of the early sixteenth century with a high stern castle and square sails, no gun ports in rows, with patched torn sails and a weathered hull enters a wide river mouth in warm evening light, a few thin sailors small on deck, a low sandy shore with a small town far away, quiet tired mood; sails plain, no flags with symbols, no text, no letters. No readable text, letters, numbers, logos, or watermarks anywhere in the image."
ferdinand-magellan-5-side,3:4,"Photorealistic vertical close-up of an old handwritten manuscript page on parchment with a small ink-and-watercolor drawing of an island with palm trees and a tiny ship, soft daylight, calm mood; all script blurred and unreadable, no real words, no text, no letters, no numbers. No readable text, letters, numbers, logos, or watermarks anywhere in the image."
nicolaus-copernicus-1-main,3:2,"Atmospheric realistic illustration: a small brick tower in the old wall around a Gothic cathedral on a low hill by a calm sea at dusk, the last blue light on the horizon, a clear bright starry sky, one warm light glowing in the tower window, a simple wooden measuring instrument just visible on top of the tower, no people, quiet mood; no telescope, no readable text, no letters, no numbers. No readable text, letters, numbers, logos, or watermarks anywhere in the image."
nicolaus-copernicus-1-side,3:4,"Photorealistic vertical image of a simple handmade model on a wooden table, a golden ball in the middle and small colored balls on plain metal rings around it, soft daylight, plain background; no labels, no letters, no numbers, no text. No readable text, letters, numbers, logos, or watermarks anywhere in the image."
nicolaus-copernicus-2-main,3:2,"Photorealistic long-exposure night image, bright star trails forming concentric circles around one point in the sky above a dark quiet hill with a few trees, deep blue sky, no people, no text, no letters. No readable text, letters, numbers, logos, or watermarks anywhere in the image."
nicolaus-copernicus-2-side,3:4,"Photorealistic vertical image of two runners on an outdoor running track seen from behind at a low angle, the faster runner just passing the slower one, morning light, plain sports clothes without logos or numbers, no text, no letters. No readable text, letters, numbers, logos, or watermarks anywhere in the image."
nicolaus-copernicus-3-main,3:2,"Photorealistic quiet scene, the wrinkled hands of an old man resting on a thick closed leather book lying on a woolen blanket on a simple wooden bed, soft light from a small window, a wooden cup on a bedside table, calm peaceful mood; no face, plain cover, no readable title, no letters, no text. No readable text, letters, numbers, logos, or watermarks anywhere in the image."
nicolaus-copernicus-3-side,3:4,"Photorealistic vertical image of a thick sixteenth-century printed book lying open at its first page on a dark wooden table, seen from a low sharp angle, a quill pen and an inkwell beside it, cold daylight from a window, no candle, no people; the print blurred and unreadable, no readable words, no letters, no numbers. No readable text, letters, numbers, logos, or watermarks anywhere in the image."
nicolaus-copernicus-4-main,3:2,"Photorealistic night image, ancient Greek marble columns on a hill as dark silhouettes under a huge starry sky with the Milky Way, no people, no modern lights, deep blue and silver tones, no text, no letters. No readable text, letters, numbers, logos, or watermarks anywhere in the image."
nicolaus-copernicus-4-side,3:4,"Photorealistic vertical close-up of a young person holding one thumb up at arm's length in front of the face with one eye closed, looking past the thumb at a soft blurred landscape, daylight, plain clothes, no logos, no text, no letters. No readable text, letters, numbers, logos, or watermarks anywhere in the image."
nicolaus-copernicus-5-main,3:2,"Warm realistic illustration of a seventeenth-century scholar's study, two men in plain dark historical dress talking over a table with an open book, a large brass armillary sphere of nested rings and a globe, shelves of closed books behind, window light, calm mood; no telescope, no readable letters, no numbers, no text. No readable text, letters, numbers, logos, or watermarks anywhere in the image."
nicolaus-copernicus-5-side,3:4,"Photorealistic vertical image of an old wooden water wheel at a mill turning with slight motion blur, water splashing from the paddles, green plants and stone wall around, soft daylight; no signs, no letters, no numbers, no text. No readable text, letters, numbers, logos, or watermarks anywhere in the image."
galileo-galilei-1-main,3:2,"Atmospheric realistic illustration: a man in a dark early-seventeenth-century coat seen from behind on a stone terrace at night, looking through a long thin wooden tube covered in leather at one very bright point in the starry sky, tiled roofs and a bell tower of an old Italian city below in soft moonlight, calm mood; figure anonymous, no text, no letters, no numbers. No readable text, letters, numbers, logos, or watermarks anywhere in the image."
galileo-galilei-1-side,3:4,"Simple realistic image of the view through an early telescope: a circular black field, a small bright pale disk without bands in the center, exactly four tiny points of light in a nearly straight line beside it, two on each side, nothing else, clean and quiet; no text, no letters, no numbers. No readable text, letters, numbers, logos, or watermarks anywhere in the image."
galileo-galilei-2-main,3:2,"Photorealistic scene in a quiet early-seventeenth-century study: a long wooden ramp with a single straight groove rests on two wooden trestles, a small bronze ball rolls down the groove with slight motion blur; beside the ramp a tall bronze water vessel with a thin spout drips water into a small plain bronze cup standing directly on the table below the spout; no balance scale, no other instruments, nothing hanging in chains; old closed books and a candle in the background, warm window light; no people, no marks. No readable text, letters, numbers, logos, or watermarks anywhere in the image."
galileo-galilei-2-side,3:4,"Photorealistic low-angle image of a bronze oil lamp hanging on a very long chain from the high ceiling of a dim old church, swinging gently to one side with slight motion blur, soft light from tall windows, calm mood; no people, no text, no letters, no symbols. No readable text, letters, numbers, logos, or watermarks anywhere in the image."
galileo-galilei-3-main,3:2,"Photorealistic close-up of the half-lit moon through a telescope, the line between light and dark showing mountains and crater rims with long sharp shadows on the grey surface, deep black sky around, crisp and calm; no text, no letters, no numbers. No readable text, letters, numbers, logos, or watermarks anywhere in the image."
galileo-galilei-3-side,3:4,"Clean astronomical illustration on a black background, vertical sequence of the phases of a pale smooth planet from top to bottom: a large thin crescent at the top, then a half-lit shape, then smaller rounder shapes, a small almost full disk at the bottom, shapes shrinking as they fill, no other objects; no text, no letters, no numbers, no arrows. No readable text, letters, numbers, logos, or watermarks anywhere in the image."
galileo-galilei-4-main,3:2,"Serious historical illustration inside a large seventeenth-century palace hall in Rome: an old man in a plain dark robe seen from behind, kneeling on the stone floor before a long table with churchmen in red and black robes seated in a row, cool light from high windows, calm and solemn mood; no chains, no violence, no fire, generic faces, no readable papers, no text, no letters. No readable text, letters, numbers, logos, or watermarks anywhere in the image."
galileo-galilei-4-side,3:4,"Photorealistic vertical image of a quiet old stone villa with a red tiled roof among olive trees and tall cypresses on a Tuscan hill, seen from outside a closed plain iron gate, soft evening light, calm and slightly lonely mood; no people, no signs, no text, no letters, no numbers. No readable text, letters, numbers, logos, or watermarks anywhere in the image."
galileo-galilei-5-main,3:2,"Realistic historical illustration in an early-seventeenth-century study full of old books: an older professor in a black academic gown turns his back and raises a hand to wave away a younger man in simple clothes who offers him a long thin telescope by a bright window, warm light, calm and slightly comic mood; generic faces, no text, no letters, no numbers. No readable text, letters, numbers, logos, or watermarks anywhere in the image."
galileo-galilei-5-side,3:4,"Photorealistic vertical image of an old printed book open at an angle in soft warm light, the left page showing a simple woodcut of three men in long robes standing and talking, slightly out of focus, the printed text rendered only as blurred unreadable decorative marks; no readable letters in any language, no names, no numbers, no text. No readable text, letters, numbers, logos, or watermarks anywhere in the image."
protestant-reformation-1-main,3:2,"Wide historical illustration of a huge church under construction in Rome around the early sixteenth century: massive stone walls and pillars rising, wooden scaffolding, a treadwheel crane lifting a marble block, ox carts and workers in period clothes, the old city and hills behind, warm daylight; no finished dome, no text, no letters, no inscriptions. No readable text, letters, numbers, logos, or watermarks anywhere in the image."
protestant-reformation-1-side,3:4,"Vertical illustration of a monk in a plain dark robe walking at a distance along a covered stone walkway around a cloister garden with a small tree in the middle, seen at an angle from behind so the face is hidden, soft daylight, quiet mood; no readable text, no letters, no symbols. No readable text, letters, numbers, logos, or watermarks anywhere in the image."
protestant-reformation-2-main,3:2,"Warm historical illustration at a German town gate in the early sixteenth century, bundles of thin booklets tied with string being loaded onto a wooden cart, a rider with saddlebags waiting beside it, a carter and a printer's helper at work, morning light, calm busy mood; all covers angled away or blank, no readable letters, no text, no coats of arms. No readable text, letters, numbers, logos, or watermarks anywhere in the image."
protestant-reformation-2-side,3:4,"Photorealistic vertical close-up of hands sewing thin paper booklets with needle and thread at a wooden bench, a low stack of finished booklets beside, one cover with a small simple woodcut of a tree seen at an angle, warm workshop light; all pages blank or angled away, no readable letters, no text. No readable text, letters, numbers, logos, or watermarks anywhere in the image."
protestant-reformation-3-main,3:2,"Photorealistic wide view of the roofless ruins of a large medieval abbey church in a green valley, tall stone arches, empty window openings, grass growing inside, soft morning light; no people, no signs, no readable text. No readable text, letters, numbers, logos, or watermarks anywhere in the image."
protestant-reformation-3-side,3:4,"Vertical historical illustration of a bishop in a long white and gold robe and a tall pointed hat, holding a curved staff, standing in the arched stone doorway of a church, seen from some distance so the whole figure is small in the frame, an ordinary middle-aged man with a calm face where eyes, nose and mouth are clearly painted, not resembling any real person, soft daylight, respectful mood, no coats of arms, no symbols. No readable text, letters, numbers, logos, or watermarks anywhere in the image."
protestant-reformation-4-main,3:2,"Wide historical illustration of a walled city on the shore of a lake with mountains behind, seen from the water, in the sixteenth century, stone walls, church towers, tiled roofs, small wooden boats on the lake, soft morning light, calm mood; no flags, no banners, no coats of arms, no text, no letters. No readable text, letters, numbers, logos, or watermarks anywhere in the image."
protestant-reformation-4-side,3:4,"Vertical illustration of a preacher in a plain black gown speaking from a simple wooden pulpit in a whitewashed sixteenth-century church, clear windows, bare walls without pictures or statues, a few listeners on plain benches seen from behind, soft daylight; no readable text, no letters, no symbols. No readable text, letters, numbers, logos, or watermarks anywhere in the image."
protestant-reformation-5-main,3:2,"Warm historical illustration of a village schoolroom in the seventeenth century, a teacher in a plain gown, boys and girls of mixed ages on wooden benches with small books and wax tablets, window light, calm friendly mood; all pages blank or angled away, no readable letters, no text. No readable text, letters, numbers, logos, or watermarks anywhere in the image."
protestant-reformation-5-side,3:4,"Vertical historical illustration of a farmer in simple sixteenth-century clothes carrying a heavy grain sack up a path to the gate of a stone manor house, a steward waiting beside a cart with more sacks, soft afternoon light, calm mood; no weapons, no coats of arms, no text, no letters. No readable text, letters, numbers, logos, or watermarks anywhere in the image."
martin-luther-1-main,3:2,"Atmospheric realistic illustration: a young monk in a dark robe kneels alone on the stone floor of a dim medieval German chapel, seen from behind, a single beam of pale morning light from a high window, a plain wooden bench and one candle, quiet and lonely mood, no face visible, no religious symbols in focus, no text, no letters. No readable text, letters, numbers, logos, or watermarks anywhere in the image."
martin-luther-1-side,3:4,"Dramatic vertical illustration: a dark thunderstorm over an open dirt road between fields in central Germany about 500 years ago, lightning striking a tree near the road, a single tiny traveler in simple clothes far away seen from behind crouching on the road with a bag beside him, heavy rain, cold light, no face, no fire, no text, no letters. No readable text, letters, numbers, logos, or watermarks anywhere in the image."
martin-luther-2-main,3:2,"Realistic illustration: the heavy wooden double door of a large late-medieval church in a small German town, seen at an angle from the square, a sheet of paper nailed to the door at a sharp angle so nothing on it is readable, a few townspeople in simple sixteenth-century clothes seen from behind looking at it, soft autumn daylight, calm mood, no readable letters, no text. No readable text, letters, numbers, logos, or watermarks anywhere in the image."
martin-luther-2-side,3:4,"Photorealistic vertical close-up at a sixteenth-century market: a preacher's hand in a dark robe sleeve hands a folded letter with a plain wax seal to a buyer over a large iron-bound wooden chest, the buyer's other hand dropping a coin into the chest, faces out of frame, warm daylight, nothing readable on the letter, plain seal, no symbols, no text. No readable text, letters, numbers, logos, or watermarks anywhere in the image."
martin-luther-3-main,3:2,"Cinematic realistic illustration of a great hall in a German city about 500 years ago, rows of princes and bishops in rich robes along the walls, a young emperor on a raised seat at the far end, a lone monk in a plain dark robe seen from behind standing small in the middle before a table with closed books, tall windows and afternoon light, tense calm mood, no face on the monk, no readable text, no letters. No readable text, letters, numbers, logos, or watermarks anywhere in the image."
martin-luther-3-side,3:4,"Atmospheric vertical view of a stone castle high on a wooded hill in central Germany at dusk, seen from the dark forest below, one small window glowing with warm candlelight, mist between the trees, quiet safe mood, no people, no flags, no text, no letters. No readable text, letters, numbers, logos, or watermarks anywhere in the image."
martin-luther-4-main,3:2,"Warm realistic illustration, close-up over the right shoulder of a man writing at a wooden desk in a small stone castle room about 500 years ago. Only one shoulder in plain dark wool cloth and his two hands are visible, both sleeves the same plain dark cloth with simple undecorated cuffs. His right hand holds a goose-feather quill correctly between thumb and forefinger like a pen, the tip touching a loose sheet on the desk, mid-stroke; his left hand rests flat on the sheet. Two thick open books lie at steep angles with blank aged pages, loose sheets, an ink pot and a candle; a leaded window looks out over a forest. Soft daylight, quiet focused mood. No face, no whole figure, no fur, anatomically correct hands with five fingers. No readable text, letters, numbers, logos, or watermarks anywhere in the image."
martin-luther-4-side,3:4,"Warm vertical illustration of a simple German home kitchen about 500 years ago, a mother at a wooden table reading aloud from a thick book seen at a sharp angle, two children and an old man listening, a hearth fire, bread and a jug on the table, soft evening light, calm mood, no readable letters, no text. No readable text, letters, numbers, logos, or watermarks anywhere in the image."
martin-luther-5-main,3:2,"Photorealistic view of a long wall of dark wooden library shelves filled with one unbroken row of identical thick old volumes in plain worn brown leather, seen slightly from the side so the row seems endless, a wooden ladder against the shelves, soft reading-room light, no people, all spines completely plain, no lettering, no numbers, no text. No readable text, letters, numbers, logos, or watermarks anywhere in the image."
martin-luther-5-side,3:4,"Respectful vertical illustration inside a bright northern cathedral of white stone with tall windows, two church leaders in different robes, one white and one dark red, walking side by side down the aisle toward the altar seen from behind and at a distance, candles along the aisle, soft light, calm hopeful mood, no faces, no readable text, no banners, no letters. No readable text, letters, numbers, logos, or watermarks anywhere in the image."
industrial-revolution-1-main,3:2,"Warm historical illustration of a stone textile mill beside a river in early nineteenth-century northern England, a large wooden waterwheel turning at its side, workers in plain period clothes walking toward the entrance, a small town with a few smoking chimneys on a hill behind, soft morning light; no signs, no numbers, no text, no letters. No readable text, letters, numbers, logos, or watermarks anywhere in the image."
industrial-revolution-1-side,3:4,"Warm vertical illustration of an older woman sitting by a cottage fireplace, spinning soft carded cotton into thread on a small wooden spinning wheel, a basket of soft carded cotton rolls at her feet, soft firelight on her hands and face; no text, no letters, no signs. No readable text, letters, numbers, logos, or watermarks anywhere in the image."
industrial-revolution-2-main,3:2,"Historical illustration of the dim interior of a large textile mill, rows of tall spinning machines running, a child worker of about ten in plain clothes walking carefully between two machines, an adult supervisor watching from a distance, muted light from high windows; no visible injury, no readable signs, no numbers, no text, no letters. No readable text, letters, numbers, logos, or watermarks anywhere in the image."
industrial-revolution-2-side,3:4,"Vertical historical illustration of the dark entrance to a coal mine cut into a hillside, a boy of about eleven standing with a small metal lamp, a line of adult miners with baskets walking in behind him, cool early morning light; no visible injury, no signs, no text, no letters. No readable text, letters, numbers, logos, or watermarks anywhere in the image."
industrial-revolution-3-main,3:2,"Historical illustration of an early steam locomotive with a tall chimney pulling a short line of open wooden carriages across the English countryside on a raised earth embankment around 1830, seen at a three-quarter angle from a distance, passengers in period clothes seated inside, a small stone bridge and a distant town with mill chimneys visible, clear daylight; plain boiler, no nameplate, no number plate, no lettering or crests on the carriages, no flags, no signs, no text, no letters. No readable text, letters, numbers, logos, or watermarks anywhere in the image."
industrial-revolution-3-side,3:4,"Vertical historical illustration of an engineer in period clothes leaning over a large stationary steam engine inside a workshop, checking a valve on its side, pipes and a big flywheel around him, tools resting on a nearby bench, warm workshop light; no readable gauges, no numbers, no text, no letters. No readable text, letters, numbers, logos, or watermarks anywhere in the image."
industrial-revolution-4-main,3:2,"Historical illustration of a busy English port dock in the early nineteenth century, workers unloading heavy bales of raw cotton from a large sailing ship onto the quay, other workers carrying bales toward waiting carts, more ships and cranes in the background, soft morning light; no readable signs, no flags, no names, no text, no letters. No readable text, letters, numbers, logos, or watermarks anywhere in the image."
industrial-revolution-4-side,3:4,"Vertical historical illustration in the same warm painted style as the rest of the set, showing a village home in India in the eighteen hundreds: a weaver with a plain cotton turban and a white dhoti, bare-chested with a simple cotton cloth draped over one shoulder, sits at a pit loom with his legs in a pit cut into the earthen floor. The woven cloth is wound on a wooden beam close to his body, a wooden reed and beater hang on cords from a rafter above the loom, and the unwoven warp threads stretch away from him under tension to a warp beam at the far end of the room; he holds a small wooden shuttle in one hand. Soft natural light comes through an open wooden door, a basket of raw cotton stands by the plain mud wall, calm focused respectful mood; the cloth shows only plain simple stripes, no modern clothing, no signs, no text, no letters. No readable text, letters, numbers, logos, or watermarks anywhere in the image."
industrial-revolution-5-main,3:2,"Wide historical illustration comparing two riverside towns side by side before the age of steam: on the left, a British river town with waterwheels, stone warehouses, and workshops by the water and no smoking chimneys; on the right, a Chinese canal town with wooden workshops, plain boats, and warehouses along the canal, both equally busy and prosperous looking, soft daylight; no lanterns, no banners, no shop signs, no readable signs, no flags, no text, no letters. No readable text, letters, numbers, logos, or watermarks anywhere in the image."
industrial-revolution-5-side,3:4,"Vertical historical illustration of a man in a dark coat and tall hat seen from behind, standing at the open iron gate of a mill yard with a closed notebook under his arm, workers in plain clothes walking past him into the yard, a tall brick mill wall ahead, calm grey daylight; no face visible, no readable signs, no labels, no numbers, no text, no letters. No readable text, letters, numbers, logos, or watermarks anywhere in the image."
charles-darwin-1-main,3:2,"Photorealistic wide seascape of a small wooden sailing ship of the 1830s with exactly three masts, square sails on the two front masts and a fore-and-aft sail on the rear mast, a plain dark hull with no name, no flag and no ornament, crossing a grey-blue ocean under a big cloudy sky, seen from a distance with gentle waves and a few seabirds above, no visible people on the tiny deck, calm adventurous mood, no text, no letters, no numbers. No readable text, letters, numbers, logos, or watermarks anywhere in the image."
charles-darwin-1-side,3:4,"Photorealistic close-up of a single giant tortoise with a huge domed shell walking slowly across dry volcanic ground with sparse cactus plants, bright island sunlight, no people, no other animals, calm mood, no text, no letters, no numbers. No readable text, letters, numbers, logos, or watermarks anywhere in the image."
charles-darwin-2-main,3:2,"Photorealistic image of a long straight sandy path through a quiet wooded English garden, tall trees on both sides, a man in a dark coat seen from behind walking slowly with his hands behind his back, soft grey daylight, calm thoughtful mood, no face visible, no text, no letters, no numbers. No readable text, letters, numbers, logos, or watermarks anywhere in the image."
charles-darwin-2-side,3:4,"Photorealistic macro close-up of a slender green stick insect resting motionless on a thin brown twig, so well camouflaged it nearly disappears against the branch, soft daylight, blurred leaves behind, calm quiet mood, no text, no letters, no numbers. No readable text, letters, numbers, logos, or watermarks anywhere in the image."
charles-darwin-3-main,3:2,"Photorealistic image inside a simple wooden pigeon coop, several domestic pigeons of clearly different colors, feather patterns, and tail shapes sitting and walking on wooden perches, soft daylight from a small window, no people, calm mood, no text, no letters, no numbers, no leg rings. No readable text, letters, numbers, logos, or watermarks anywhere in the image."
charles-darwin-3-side,3:4,"Photorealistic close-up of a cluster of grey and white barnacles firmly attached to a wet rock at the shoreline, small shell plates slightly open, seawater glistening between them, natural light, no people, no text, no letters, no numbers. No readable text, letters, numbers, logos, or watermarks anywhere in the image."
charles-darwin-4-main,3:2,"Realistic historical illustration of a large Victorian lecture hall filled with rows of seated people in formal nineteenth-century dress, seen from the back of the room over the heads of the audience, two men standing at the front facing each other with one gesturing while speaking, faces small and generic, warm daylight from tall arched windows, wood-panelled walls, all benches and desks completely bare with no books, no papers, no notebooks and no open pages anywhere, hats held on knees, no recognizable portraits, no banners, no text, no letters, no numbers. No readable text, letters, numbers, logos, or watermarks anywhere in the image."
charles-darwin-4-side,3:4,"Photorealistic vertical image of the tall stone nave of a grand old English abbey, seen from the center aisle looking up toward high ribbed ceilings and stained glass windows, soft colored light falling on the stone floor, no people, calm reverent mood, no text, no letters, no numbers. No readable text, letters, numbers, logos, or watermarks anywhere in the image."
charles-darwin-5-main,3:2,"Photorealistic image of a single old tree with many branching limbs standing alone on a green English hillside in winter, bare of leaves, the branching pattern clear against a pale sky, soft natural light, no people, calm mood, no text, no letters, no numbers. No readable text, letters, numbers, logos, or watermarks anywhere in the image."
charles-darwin-5-side,3:4,"Photorealistic close-up of a worn brown leather mail satchel lying open on a wooden ship's deck, several cream envelopes seen from the back showing only their folded flaps, each flap closed with a plain smooth blob of dark red sealing wax with no stamped design, no crest, no emblem and no ring of marks, envelope fronts not visible, ocean softly blurred behind a wooden rail, warm evening light, no addresses, no stamps, no text, no letters, no numbers. No readable text, letters, numbers, logos, or watermarks anywhere in the image."
karl-marx-1-main,3:2,"Realistic muted illustration of a small sparse room in a poor part of London about 175 years ago, a man in plain worn clothes seen from behind sitting at a small table writing by fading daylight near a narrow window, a woman tending a low fire in the dim background, a small child asleep under a blanket on a straw mattress, bare walls, one chair, a few plates on a shelf, cold quiet dignified mood, no face visible, no text, no letters. No readable text, letters, numbers, logos, or watermarks anywhere in the image."
karl-marx-1-side,3:4,"Atmospheric vertical photo-style image of a huge brick cotton mill on a river in Manchester about 175 years ago, seen from across the water at dusk, tall chimneys and rows of small lit windows, a thin haze of smoke against the sky, a few tiny anonymous figures walking toward the gate in the distance, moody warm light, no readable signs, no lettering, no text. No readable text, letters, numbers, logos, or watermarks anywhere in the image."
karl-marx-2-main,3:2,"Warm close-up photo-style image inside a small nineteenth-century print shop, a worker's hands with rolled-up sleeves lifting a stack of thin freshly printed paper booklets off an iron hand press onto a growing pile, the booklets stacked and seen edge-on with plain grey covers without any marks, ink and worn tools nearby, a lamp glowing, no faces, no text, no letters. No readable text, letters, numbers, logos, or watermarks anywhere in the image."
karl-marx-2-side,3:4,"Clean vertical studio photo of many different hands, varied ages and skin tones, reaching in from the edges of the frame and grasping the same length of rough rope in the center, plain dark background, soft even light, no faces, no clothing marking any nation, no text, no letters. No readable text, letters, numbers, logos, or watermarks anywhere in the image."
karl-marx-3-main,3:2,"Grand atmospheric photo-style image of the inside of a great round nineteenth-century library reading room in London, rows of long plain wooden desks radiating out from a central circular counter under a huge painted dome with a ring of tall arched windows and a round glass skylight at the top, galleries of bookshelves far away and out of focus, the room lit only by soft daylight from the windows and skylight, no lamps of any kind on the desks or walls, no electric light, one tiny man in plain dark clothes far below seen from a high distant angle bent over a bare desk with his back to the camera, quiet studious mood, no face visible, no books or papers close enough to show any spine or page, no text, no letters. No readable text, letters, numbers, logos, or watermarks anywhere in the image."
karl-marx-3-side,3:4,"Clean close-up still life photo of two neat stacks of old worn coins side by side on a plain wooden table, one stack short and one much taller, coins seen edge-on with their faces hidden, warm side light, shallow depth of field, no readable numbers, letters, or portraits, no text. No readable text, letters, numbers, logos, or watermarks anywhere in the image."
karl-marx-4-main,3:2,"Moody atmospheric photo-style image of a European train station platform in the 1840s at dusk, seen from low behind a man in a long plain dark frock coat and a tall dark hat walking away along the platform carrying one small leather travel bag, ahead an early Victorian steam locomotive of the 1840s almost entirely hidden in thick steam, only a tall slim chimney, a small round boiler and one large spoked wheel faintly visible, open footplate with no cab, plain wooden carriages behind, plain brick walls and cast-iron gas lamps, a few blurred travelers in long coats and tall hats or bonnets farther away, warm lamp light through steam, no face visible, no boards, no clocks, no signs, no nameplate, no numbers, no text, no letters. No readable text, letters, numbers, logos, or watermarks anywhere in the image."
karl-marx-4-side,3:4,"Warm close-up photo-style vertical image over a plain wooden desk in the 1850s lit by a single candle in a brass holder, two people's hands and forearms side by side, on the left a man's hand in a plain dark wool sleeve with a white shirt cuff holding a steel-nib dip pen and filling a loose sheet with fast cramped illegible scrawl, on the right a woman's hand in a plain cotton dress sleeve with a simple cuff holding a second dip pen and copying the same page onto a fresh clean loose sheet, a small glass inkwell between them, soft candle light, no faces, no modern pens, no knitwear, no electric lamp, all writing a dense unreadable scrawl with no real letters or words, no text. No readable text, letters, numbers, logos, or watermarks anywhere in the image."
karl-marx-5-main,3:2,"Bright clean photo-style image of a modern university lecture hall seen from the back and above, rows of students seen from behind facing forward, a small distant lecturer at the front beside a plain wall and tall windows, daylight through the windows, calm studious mood, no faces visible, no board, no screen, no chart, no poster, no text, no letters. No readable text, letters, numbers, logos, or watermarks anywhere in the image."
karl-marx-5-side,3:4,"Calm respectful photo-style image of a quiet path through a green tree-shaded old cemetery, a few weathered stones visible only as blurred moss-covered shapes far in the background among ferns, soft autumn light through the leaves, no people, no stone close enough to show letters, no names, no dates, no symbols, no text. No readable text, letters, numbers, logos, or watermarks anywhere in the image."
american-revolution-1-main,3:2,"Wide historical illustration of a moonlit colonial harbor around 1773, three tall wooden sailing ships resting at a long wooden quay, a small group of colonists in plain coats walking up a gangplank onto the nearest ship, dark calm water, a quiet town with low rooftops in the background, cool silvery moonlight, no flags, no banners, no fire, no crowd, no text, no letters. No readable text, letters, numbers, logos, or watermarks anywhere in the image."
american-revolution-1-side,3:4,"Vertical historical illustration of a colonial customs officer in plain civilian eighteenth-century dress, a brown wool coat, waistcoat and a simple black tricorn hat, no uniform, no epaulettes, no gold lace, seated at a small wooden table on a wooden harbor quay in a North American colonial port around 1770, brick and clapboard warehouses with gabled roofs and a wooden wharf behind him, a merchant in a plain coat and tricorn hat handing over a few coins, a closed leather ledger and a small locked iron strongbox on the table, stacked plain wooden crates and barrels beside them, warm daylight, calm everyday mood, generic faces, no readable text, no numbers, no letters. No readable text, letters, numbers, logos, or watermarks anywhere in the image."
american-revolution-2-main,3:2,"Wide historical illustration of colonial militia in worn coats standing in loose rows in an open field at dawn, muskets resting on shoulders, an officer in a plain coat facing them, light mist over distant trees, calm pre-march mood, no flags, no banners, no fighting, no smoke, no text, no letters. No readable text, letters, numbers, logos, or watermarks anywhere in the image."
american-revolution-2-side,3:4,"Vertical historical illustration of a small colonial town square, a man in plain clothes reading aloud from a sheet of paper to a modest crowd of townspeople, seen from the side so the sheet is edge-on to the viewer, warm daylight, calm attentive mood, no flags, no symbols, no readable text, no letters. No readable text, letters, numbers, logos, or watermarks anywhere in the image."
american-revolution-3-main,3:2,"Wide historical illustration around 1785 outside a plain wooden clapboard meeting house in a North American colonial town, a line of men in eighteenth-century working clothes, tricorn hats and round felt hats, long coats, waistcoats, knee breeches, stockings and buckled shoes, waiting to place a blank paper ballot into a wooden box held by an official in a plain dark coat and tricorn hat, a small group of women in mob caps, long gowns and shawls and a few other townspeople standing apart at a distance watching, wooden shingle roofs only, no metal roofs, no bowler hats, no long trousers, soft daylight, calm orderly mood, generic faces, no readable text, no signs, no letters, no symbols. No readable text, letters, numbers, logos, or watermarks anywhere in the image."
american-revolution-3-side,3:4,"Vertical historical illustration of a family in plain eighteenth-century clothes loading bundles and a small wooden chest onto a horse cart outside a modest house, one figure looking back toward the house, light rain beginning to fall, somber calm mood, no flags, no text, no letters. No readable text, letters, numbers, logos, or watermarks anywhere in the image."
american-revolution-4-main,3:2,"Wide historical illustration of a line of tall wooden warships with sails furled riding at anchor across the mouth of a wide river, seen from a wooded shore at a distance, warm evening light, calm water, no visible fighting, no flags, no smoke, no text, no letters. No readable text, letters, numbers, logos, or watermarks anywhere in the image."
american-revolution-4-side,3:4,"Vertical historical illustration of a large iron-bound royal chest standing open and almost empty in a grand candlelit eighteenth-century room, a few coins at the bottom, no people, warm candlelight, quiet tense mood, no coats of arms, no readable text, no numbers, no letters. No readable text, letters, numbers, logos, or watermarks anywhere in the image."
american-revolution-5-main,3:2,"Wide historical illustration of a long column of South American soldiers and horses crossing a high, snow-dusted Andean mountain pass in the 1810s, seen from far away and high up so that the figures are tiny dark specks winding along a narrow rocky trail, no faces visible, no single leader standing out, no white horse, no bicorn hats, no close-up riders, dramatic rocky peaks and deep valleys around them, cold clear daylight, no flags, no banners, no readable text, no letters. No readable text, letters, numbers, logos, or watermarks anywhere in the image."
american-revolution-5-side,3:4,"Photorealistic close-up of a hand pressing a wax seal onto a rolled parchment document on a dark wooden table, warm candlelight, soft shadow filling the rest of the room, quiet formal mood, no readable text, no letters. No readable text, letters, numbers, logos, or watermarks anywhere in the image."
george-washington-1-main,3:2,"Atmospheric realistic illustration seen from a snowy riverbank at night in deep winter, year 1776, soldiers of a ragged eighteenth century colonial army in plain worn wool coats, tricorn hats, round hats and knitted caps, some with blankets over their shoulders, pushing flat wooden ferry boats into dark water full of floating ice, long flintlock muskets held upright, all figures seated in the boats or pushing from the bank, no one standing in a boat, no figure singled out, soft falling snow, grim determined mood, original composition, not a reproduction of any famous painting, no flag, no visible faces, no helmets, no modern rifles, no text, no letters, no numbers. No readable text, letters, numbers, logos, or watermarks anywhere in the image."
george-washington-1-side,3:4,"Photorealistic vertical illustration of a young man in plain eighteenth century clothes standing alone in a sunlit forest clearing, seen from a distance with his back turned, holding a long measuring chain and a simple wooden survey instrument on a tripod, tall trees and wild untouched land around him, calm daylight, no visible face, no text, no letters, no numbers. No readable text, letters, numbers, logos, or watermarks anywhere in the image."
george-washington-2-main,3:2,"Realistic historical illustration inside a plain wood panelled hall of the late eighteenth century, a man in a military coat seen from behind at a distance handing a folded paper to a seated presiding officer before rows of seated lawmakers, soft daylight through tall windows, calm solemn mood, no visible face, no flag, the paper folded with no writing, no text, no letters, no numbers. No readable text, letters, numbers, logos, or watermarks anywhere in the image."
george-washington-2-side,3:4,"Photorealistic vertical view from a wooded hill at a distance in the 1790s of a wide slow river with a half built city on its muddy banks, a few low brick and pale sandstone government buildings two or three storeys high with plain unfinished walls in timber scaffolding, wooden derrick cranes, ox carts and horse wagons on dirt roads, tiny distant workers, low forested hills on the far bank with only a few scattered farmhouses, soft morning light, hopeful quiet mood, no domes, no obelisk shaped monument, no motor vehicles, no modern buildings, no readable signs, no flag, no text, no letters, no numbers. No readable text, letters, numbers, logos, or watermarks anywhere in the image."
george-washington-3-main,3:2,"Solemn realistic illustration of wide farm fields on a Virginia plantation at dawn in the 1780s, fields of wheat and corn stretching toward a large plain house far in the background, several enslaved men and women of African descent in plain coarse linen work clothes of the eighteenth century, the men in loose shirts and breeches with straw hats, the women in simple petticoats and headwraps, walking upright and unhurried toward the fields carrying hoes, sickles and baskets, seen from behind at a distance with no visible faces, soft early light, quiet respectful dignified mood, no overseer, no chains, no violence, no gore, no suspenders, no modern clothing, no text, no letters, no numbers. No readable text, letters, numbers, logos, or watermarks anywhere in the image."
george-washington-3-side,3:4,"Atmospheric vertical illustration of a quiet harbor at night, a small one-masted sailing ship at the dock with its sail half raised, a single small figure of a woman in a plain dress walking alone toward the gangway seen from behind at a distance with no visible face, warm lantern light reflected on the water, calm hopeful mood, no readable ship name, no text, no letters, no numbers. No readable text, letters, numbers, logos, or watermarks anywhere in the image."
george-washington-4-main,3:2,"Atmospheric realistic illustration of a misty forest clearing at dawn, a few colonial militia soldiers in plain coats crouched behind fallen logs with muskets raised and a few Native allies standing among the trees beside them, seen from a distance among tall trees, thin smoke drifting through the mist, tense quiet mood, no visible blood or injury, no close recognizable faces, no text, no letters, no numbers. No readable text, letters, numbers, logos, or watermarks anywhere in the image."
george-washington-4-side,3:4,"Atmospheric vertical illustration of a small round wooden stockade fort in a wet green meadow ringed by forest, seen from a distance in heavy rain, a column of tired soldiers in plain coats filing out through the gate with muskets shouldered, a second group in different uniforms waiting at the edge of the woods, grey rainy light, no flags, no visible faces, no blood, no text, no letters, no numbers. No readable text, letters, numbers, logos, or watermarks anywhere in the image."
george-washington-5-main,3:2,"Warm photorealistic still life of a cozy writing desk in an early nineteenth century study lit by one candle, a quill resting mid stroke over a blank sheet of paper, an inkwell beside a small wooden toy hatchet and a bowl of ripe cherries, nostalgic mood, no people, no hands, no readable text, no letters, no numbers. No readable text, letters, numbers, logos, or watermarks anywhere in the image."
george-washington-5-side,3:4,"Photorealistic vertical still life of a wooden table with a stack of old bound ledgers all closed and a bundle of letters folded with their blank backs outward, tied crosswise with faded ribbon so no writing surface shows, soft light from an archive window, quiet studious mood, no people, no readable text, no letters, no numbers, no handwriting. No readable text, letters, numbers, logos, or watermarks anywhere in the image."
french-revolution-1-main,3:2,"Wide historical illustration seen from a respectful distance of a large crowd of ordinary people in plain late-eighteenth-century clothes gathered outside a tall stone fortress with round towers on a city street, a few carrying sticks or old muskets, pale dust and smoke drifting near the gate, overcast morning light, no close-up violence, no flags, no banners, no signs, no text, no letters. No readable text, letters, numbers, logos, or watermarks anywhere in the image."
french-revolution-1-side,3:4,"Vertical historical illustration of three men standing calmly side by side outside a small market in France in the 1780s: on the left a priest in a plain black cassock with small white bands at the collar, in the middle a noble in a fine embroidered silk coat, long embroidered waistcoat, lace jabot, knee breeches, white silk stockings and buckled shoes, powdered hair tied back with a black ribbon, on the right a farmer in a coarse linen shirt, waistcoat and breeches holding a loaf of bread, soft daylight, calm neutral mood, ordinary generic faces, no confrontation, no beret, no doublet, no Renaissance clothing, no coats of arms, no signs, no text, no letters. No readable text, letters, numbers, logos, or watermarks anywhere in the image."
french-revolution-2-main,3:2,"Wide historical illustration of a long line of women in plain everyday eighteenth-century clothes walking along a country road toward a distant grand building, some carrying kitchen tools or sticks, grey autumn sky, seen from a distance, calm determined mood, no flags, no banners, no signs, no text, no letters. No readable text, letters, numbers, logos, or watermarks anywhere in the image."
french-revolution-2-side,3:4,"Atmospheric vertical illustration of a closed travelling carriage stopped at night under a plain stone arch of a small French town gate in the 1790s, two town militiamen in long dark coats, tricorn hats and gaiters, muskets slung on their backs, one raising a single lantern to the curtained carriage window and the other holding a single lantern at the closed door, warm lantern light against dark wet cobblestones and simple stone houses, calm tense mood, no helmets, no halberds, no swords, no portcullis, no visible passengers, no coats of arms, no papers, no text, no letters. No readable text, letters, numbers, logos, or watermarks anywhere in the image."
french-revolution-3-main,3:2,"Detailed historical illustration of a grand hall turned into a courtroom, rows of seated deputies filling the large hall, one presiding officer on a raised platform, a single generic accused man standing before them, onlookers filling a gallery behind, soft window light, calm dignified mood, no guillotine, no weapons, no banners, no text, no letters. No readable text, letters, numbers, logos, or watermarks anywhere in the image."
french-revolution-3-side,3:4,"Photorealistic vertical image of an empty gilded throne room, the ornate throne partly covered by a plain dust sheet, tall shuttered windows letting in narrow beams of light, dust floating in the air, quiet melancholy mood, no people, no coats of arms, no text, no letters. No readable text, letters, numbers, logos, or watermarks anywhere in the image."
french-revolution-4-main,3:2,"Warm historical illustration of a line of formerly enslaved people in simple clothes walking away from a sugarcane plantation building along a dirt path at dawn, some carrying small bundles or farm tools, seen from a respectful distance, calm dignified mood, no chains, no whips, no violence, no signs, no text, no letters. No readable text, letters, numbers, logos, or watermarks anywhere in the image."
french-revolution-4-side,3:4,"Warm vertical illustration of a woman in plain eighteenth-century dress sitting at a wooden desk by candlelight, writing with a quill on a sheet of paper, more blank sheets stacked beside her, calm focused expression, quiet studious mood, page blank or angled away, no readable writing, no text, no letters. No readable text, letters, numbers, logos, or watermarks anywhere in the image."
french-revolution-5-main,3:2,"Photorealistic view straight down a long archive aisle with tall shelves of old paper bundles tied with string and plain grey boxes on both sides, soft light from a high window at the far end, no labels, no people, quiet scholarly mood, no text, no letters, no numbers. No readable text, letters, numbers, logos, or watermarks anywhere in the image."
french-revolution-5-side,3:4,"Photorealistic vertical image of a historian sitting at a small desk in a quiet study, comparing two old documents side by side under a soft lamp, one hand holding a magnifying glass, shelves of books in the background, calm focused mood, documents blank or angled away, no readable letters, no text. No readable text, letters, numbers, logos, or watermarks anywhere in the image."
napoleon-bonaparte-1-main,3:2,"Realistic illustration of a stone courtyard at an eighteenth century French military school, rows of young cadets in plain blue uniforms drilling in formation, a drummer boy at one side, one small cadet among the group seen from behind at a distance, overcast morning light, historical atmosphere, no cannon, no identifiable faces, no bicorne hats, no flags, no insignia, no text, no letters. No readable text, letters, numbers, logos, or watermarks anywhere in the image."
napoleon-bonaparte-1-side,3:4,"Realistic vertical image of an old bronze cannon barrel on a wooden carriage in a stone armory courtyard, a small stack of iron cannonballs beside the wheel, soft overcast daylight, no people, no markings, no numbers, no text, no letters. No readable text, letters, numbers, logos, or watermarks anywhere in the image."
napoleon-bonaparte-2-main,3:2,"Wide realistic illustration inside a great stone church, seen from far back near the entrance down the length of the nave, a small distant robed figure at the altar raising a crown above his own head, tiny and anonymous, rows of nobles in fine clothing seen from behind in the pews, candlelight and tall windows, original composition and not a reproduction of any known painting, no readable banners, no eagle symbols, no text, no letters. No readable text, letters, numbers, logos, or watermarks anywhere in the image."
napoleon-bonaparte-2-side,3:4,"Warm realistic close-up of a stack of thick leather-bound law books, closed, on an old wooden desk in a quiet study, an unlit oil lamp and a quill pen beside the stack, soft warm light, no people, all spines completely plain, no letters, no numbers, no text. No readable text, letters, numbers, logos, or watermarks anywhere in the image."
napoleon-bonaparte-3-main,3:2,"Realistic wide illustration seen from a high distant viewpoint of a long ragged column of early nineteenth century soldiers trudging through deep snow across a vast white plain, the men wrapped in tattered long greatcoats, blankets, shawls and scraps of fur over their uniforms, heads covered with cloth wraps, fur caps, knitted caps or bare, absolutely no steel helmets, no modern military gear, no bicorne hats, a few abandoned wooden wagons and a stuck gun carriage far behind them, grey winter sky, all figures seen from behind so no faces are visible, cold and exhausted mood without any injuries, bodies or blood, no flags, no text, no letters. No readable text, letters, numbers, logos, or watermarks anywhere in the image."
napoleon-bonaparte-3-side,3:4,"Atmospheric vertical photo style image of a steep volcanic island far out in the ocean, dark cliffs by the sea and green hills inland, a small town in a cleft by the shore, seen from a ship at a distance, overcast sky and grey sea, no people, no flags, no signs, no text, no letters. No readable text, letters, numbers, logos, or watermarks anywhere in the image."
napoleon-bonaparte-4-main,3:2,"Realistic illustration of late eighteenth century French soldiers in plain long blue coats with white trousers, bareheaded or in simple cloth fatigue caps, together with one civilian scholar in a plain brown coat, examining a large dark grey stone slab just pulled from the rubble of an old mud brick fort wall beside a wide river in Egypt, the carved face of the stone turned away from the viewer and hidden by the men's backs, the visible surface plain rough stone, all figures seen from behind at a distance, hot afternoon light, flat river landscape with a few palms, no temples, no columns, no famous monument, no modern uniforms, no khaki, no peaked caps, no puttees, no bicorne hats, no close faces, no script, no text, no letters, no numbers. No readable text, letters, numbers, logos, or watermarks anywhere in the image."
napoleon-bonaparte-4-side,3:4,"Warm realistic vertical close-up of a single broken iron chain link lying open on red tropical soil, palm trees and a green mountain softly out of focus in the background, warm island light, no people, hopeful mood, no text, no letters. No readable text, letters, numbers, logos, or watermarks anywhere in the image."
napoleon-bonaparte-5-main,3:2,"Realistic illustration of a large painter's studio with tall windows, a huge canvas on an easel seen from the back so only its wooden stretcher frame and the raw back of the canvas show, a painter in a smock working on the far side partly hidden by the canvas, a leather saddle and a tall crested cavalry helmet with a white plume resting on a wooden stand as props, the helmet front completely plain polished metal with no emblem, no badge, no fleur-de-lis, no eagle and no ornament of any kind, soft daylight, the painted side never visible, no faces, no bicorne hat, no flags, no text, no letters, no numbers. No readable text, letters, numbers, logos, or watermarks anywhere in the image."
napoleon-bonaparte-5-side,3:4,"Atmospheric vertical illustration of the stone terrace of a plain house on a windswept island, a man in a plain dark coat walking slowly seen only from behind, a seated secretary writing at a small table, grey sea far below, overcast light, no bicorne hat, no visible face, no readable writing, no text, no letters, no numbers. No readable text, letters, numbers, logos, or watermarks anywhere in the image."
adolf-hitler-1-main,3:2,"Photorealistic 1930s Germany street scene, a newspaper office with metal shutters pulled down and locked, seen at an angle from across a cobblestone street, an anonymous couple in 1930s period coats and hats walking past, one 1930s car parked at the curb, soft overcast daylight, calm quiet mood, no flags, no party symbols, no posters, no readable signs, no modern vehicles, no modern street lamps, no text, no letters, no symbols. No readable text, letters, numbers, logos, or watermarks anywhere in the image."
adolf-hitler-1-side,3:4,"Photorealistic vertical image of a tall wooden front door of a 1930s German school building, closed, seen straight on from worn stone steps below, a bare leafless tree beside the entrance, soft gray daylight, quiet solemn mood, 1930s door fittings only, no modern locks or intercoms, no plaque, no sign, no lettering, no flags, no emblems, no people, no text, no letters, no symbols. No readable text, letters, numbers, logos, or watermarks anywhere in the image."
adolf-hitler-2-main,3:2,"Photorealistic image of a plain early 1900s dormitory room in a shelter for poor men in Vienna, a row of simple iron beds along a long wall, one completely blank canvas on a wooden easel near the nearest bed, morning light through tall bare windows, modest orderly mood, no people, early 1900s furnishings only, gas or oil lamps only, no electric fittings, no modern objects, no paintings, no text, no letters, no symbols. No readable text, letters, numbers, logos, or watermarks anywhere in the image."
adolf-hitler-2-side,3:4,"Photorealistic vertical image of a plain but roomy 1920s German prison room interior, one barred window letting in daylight onto a plain wooden desk with blank sheets of paper and a pen, a simple bed along the wall, bare plain unromantic mood, no people, no writing on the paper, no symbols, period-accurate 1920s furnishings only, no modern objects, no text, no letters, no symbols. No readable text, letters, numbers, logos, or watermarks anywhere in the image."
adolf-hitler-3-main,3:2,"Photorealistic 1930s Germany street scene photographed from the opposite pavement, looking across a cobblestone street at a small shop whose large front window has been smashed, broken glass scattered on the pavement below the window, the shop interior dimly visible and wrecked but not detailed, the fascia board above the window completely blank, no sign and no lettering, 1930s shopfront and neighbouring stone facades, the street empty, early grey morning light, sober quiet mood, no people, no vehicles, no posters, no flags, no religious symbols, no fire, no fire damage, no bodies, no injury, no modern vehicles, no modern shopfronts, no modern street lamps, no text, no letters, no symbols. No readable text, letters, numbers, logos, or watermarks anywhere in the image."
adolf-hitler-3-side,3:4,"Photorealistic vertical close-up of a packed 1930s leather suitcase with brass fittings standing beside the front door of a 1930s German townhouse, door slightly ajar, a folded wool coat of the period resting on top, soft afternoon light, calm dignified mood, no people, no readable labels or tags, no modern luggage, no wheels on the suitcase, no text, no letters, no symbols. No readable text, letters, numbers, logos, or watermarks anywhere in the image."
adolf-hitler-4-main,3:2,"Photorealistic close-up of a 1930s wooden valve radio set on a kitchen table in a modest 1930s German home, fabric speaker grille facing the viewer, a cup of tea and a folded cloth beside it, warm lamp light, plain wall behind, ordinary mood, no people, radio dial and brand plate blank and unreadable, no symbols on the grille, no modern appliances, no plastic, no text, no letters, no symbols. No readable text, letters, numbers, logos, or watermarks anywhere in the image."
adolf-hitler-4-side,3:4,"Photorealistic vertical image of a plain blank stone marker in a university courtyard in Munich today, a small cluster of lit candles at its base, blue light of early evening, wet cobblestones around it, calm reflective mood, no people, no inscription or symbol on the stone, no flags, no text, no letters, no symbols. No readable text, letters, numbers, logos, or watermarks anywhere in the image."
adolf-hitler-5-main,3:2,"Photorealistic image of a large wood-paneled 1940s courtroom seen from the back row of public seating, rows of empty wooden benches leading toward a raised judges bench softly out of focus in the distance, tall windows along one side, solemn orderly mood, 1940s furnishings only, no flags, no emblems, no readable plaques or documents, no microphones, no modern fixtures, no text, no letters, no symbols. No readable text, letters, numbers, logos, or watermarks anywhere in the image."
adolf-hitler-5-side,3:4,"Photorealistic vertical still life of a small bundle of old 1940s envelopes tied with plain string beside a closed diary with a plain cloth cover on a plain wooden table, a fountain pen beside them, soft window light, envelopes blank and face down, no stamps, no addresses, no handwriting, diary closed with no title, bare still mood, no people, no modern objects, no text, no letters, no symbols. No readable text, letters, numbers, logos, or watermarks anywhere in the image."
mahatma-gandhi-1-main,3:2,"Realistic illustration of a long dusty road along the Gujarat coast in 1930s India, a growing crowd of men and women in simple white homespun cotton clothing of the 1930s, dhotis, saris and cloth caps, walking toward the sea, seen from behind and from a distance so no single face is recognizable, dust around bare and sandaled feet, palm trees lining the road, the sea glinting ahead, warm morning light, calm determined mood, no recognizable leader, no round glasses, no walking stick silhouette, no flags, no modern vehicles, no asphalt road, no power lines, no text, no letters. No readable text, letters, numbers, logos, or watermarks anywhere in the image."
mahatma-gandhi-1-side,3:4,"Vertical close-up realistic illustration of a bare hand reaching down to wet sand at the edge of the sea, picking up a small handful of natural gray salt crystals mixed with sand, gentle waves nearby, only the hand and forearm visible, no face, no jewelry, no watch, calm bright daylight, no text, no letters. No readable text, letters, numbers, logos, or watermarks anywhere in the image."
mahatma-gandhi-2-main,3:2,"Warm realistic illustration of a simple wooden hand-turned spinning wheel on a woven mat in an Indian courtyard of the 1920s, a pair of weathered hands turning the wheel and drawing out a thread of white cotton, soft sunlight through an open doorway, only the hands and wheel in focus, no face, no full figure, plain undecorated wood, no electric machinery, no plastic, no modern fabric, no text, no letters. No readable text, letters, numbers, logos, or watermarks anywhere in the image."
mahatma-gandhi-2-side,3:4,"Vertical atmospheric illustration of a row of plain stone prison cells with barred windows in a 1920s colonial-era Indian jail, seen across an empty courtyard at dusk, no people visible, quiet gray light and long shadows, no signs, no numbers, no modern security fittings, no cameras, no electric floodlights, calm non-frightening mood, no text, no letters. No readable text, letters, numbers, logos, or watermarks anywhere in the image."
mahatma-gandhi-3-main,3:2,"Atmospheric realistic illustration of a dim railway platform at a small South African country station at night in the 1890s. An old Victorian steam locomotive with a tall funnel and plain wooden passenger carriages waits under the soft yellow glow of gas lamps on cast-iron posts, seen at a slight angle from the platform. The smokebox door and the ring around it are completely smooth and plain, with no cast inscription, no builder's plate, no crest, no number plate and no emblem anywhere on the engine or the carriages. A young man in a formal 1890s dark suit with a long overcoat and a high white collar stands alone on the platform, seen fully from behind, a plain brown leather trunk beside him, his breath visible in the cold night air, no recognizable face, no round glasses, no walking stick. Era-correct 1890s details only, no electric trains, no electric lamps, no modern platform, no readable signs, no station name, no text, no letters, no numbers. No readable text, letters, numbers, logos, or watermarks anywhere in the image."
mahatma-gandhi-3-side,3:4,"Vertical realistic illustration of a small group of Indian mine workers in early 1900s South African work clothing standing quietly together outside a wooden mine gate, tools laid down on the ground, heads calm and hands still, a mounted colonial policeman in an early 1900s uniform waiting at a distance, the men standing not sitting, no violence, no weapons drawn, no contact between the groups, no raised fists, calm respectful mood, no motor vehicles, no readable signs or banners, no text, no letters. No readable text, letters, numbers, logos, or watermarks anywhere in the image."
mahatma-gandhi-4-main,3:2,"Realistic illustration of a long column of refugee families crossing a dusty plain on the Indian subcontinent in 1947, men, women, and children in worn 1940s cotton travel clothing walking together, wooden ox-carts loaded with bundles, dust hanging in warm afternoon light, no faces recognizable in close detail, no flags, no readable signs, no motor vehicles, no asphalt roads, no power lines, no text, no letters. No readable text, letters, numbers, logos, or watermarks anywhere in the image."
mahatma-gandhi-4-side,3:4,"Vertical still-life illustration of an empty plain metal bowl and a small metal cup of water resting on a plain woven mat in soft evening light, 1940s Indian household objects, no person shown, plain undecorated objects, no plastic, no religious symbols, calm still mood, no text, no letters. No readable text, letters, numbers, logos, or watermarks anywhere in the image."
mahatma-gandhi-5-main,3:2,"Photorealistic illustration of a quiet mid-twentieth-century archive room with tall wooden shelves lined with a long row of identical old leather-bound volumes, a nearby wooden desk stacked with tied brown paper file folders marked only with plain string, soft window light, dust visible in the air, no people, 1950s furnishings only, no computers, no plastic boxes, no metal shelving, all spines and folders completely plain, no lettering, no numbers, no text, no letters. No readable text, letters, numbers, logos, or watermarks anywhere in the image."
mahatma-gandhi-5-side,3:4,"Vertical realistic illustration of a plain empty debating hall from the mid-twentieth century, rows of wooden benches facing a single wooden podium, soft light from tall windows, 1940s furnishings only, no microphones, no screens, no flags, no portraits, no people, completely plain surfaces, no emblems, no readable signs, calm still mood, no text, no letters. No readable text, letters, numbers, logos, or watermarks anywhere in the image."
united-nations-1-main,3:2,"Photorealistic wide shot of a grand 1945 conference hall, rows of delegates in dark 1940s suits with wide lapels and simple 1940s dresses leaning over a very long table, signing a thick paper document with fountain pens, seen from behind the seated rows so faces stay indistinct, tall arched windows, warm afternoon light, formal calm mood, no flags, no coats of arms, no letterhead visible, no microphones, no modern objects; no text, no letters, no flags. No readable text, letters, numbers, logos, or watermarks anywhere in the image."
united-nations-1-side,3:4,"Photorealistic close-up of two hands from different people meeting in a handshake over a plain wooden table, simple 1940s wool suit sleeves and white shirt cuffs, a blank sheet of paper and a closed fountain pen resting beside them, soft window light, warm calm mood, no faces in frame, no rings or watches, no modern pens; no text, no letters, no flags. No readable text, letters, numbers, logos, or watermarks anywhere in the image."
united-nations-2-main,3:2,"Photorealistic wide high-angle view inside a very large assembly hall in the 1950s, tiers of delegates in plain 1950s suits and simple dresses seated at curved rows of wooden desks, many raising their hands to vote at once, faces distant and indistinct, warm formal lighting, 1950s furnishings only; all desk plates blank with no readable text or numbers, no cards held up, no flags, no emblems, no screens, no laptops, no electronic voting boards; no text, no letters, no flags. No readable text, letters, numbers, logos, or watermarks anywhere in the image."
united-nations-2-side,3:4,"Photorealistic vertical shot of a soldier in a plain blue helmet and ordinary 1990s fatigues standing with his back to the camera at a wooden barrier on a quiet dirt road, calm dusk light, empty fields beyond, respectful calm mood; no letters, numbers, or emblems on the helmet or vest, no vehicle in frame, no weapon prominent; no text, no letters, no flags. No readable text, letters, numbers, logos, or watermarks anywhere in the image."
united-nations-3-main,3:2,"Photorealistic wide shot of a quiet committee room in 1948, natural muted colour, a woman in a simple dark 1940s dress chairing a small meeting at the head of an oval wooden table, several men and women in 1940s suits and dresses seated around it, one man leaning forward mid-sentence with an open hand, tall sash windows behind, soft daylight, calm concentrated mood, 1940s furnishings only, all faces generic and not resembling any real person; every sheet of paper on the table is completely blank, most papers lie inside closed plain folders, no notebooks with handwriting, no typed lines, no pencil marks, no name cards, no pens touching paper, no microphones, no modern objects; no text, no letters, no flags, no emblems. No readable text, letters, numbers, logos, or watermarks anywhere in the image."
united-nations-3-side,3:4,"Photorealistic vertical close-up of a thoughtful East Asian man in his forties in a plain 1940s academic suit with a narrow tie sitting at a small desk, fountain pen in hand, looking up from a blank sheet of paper, a low stack of closed books with plain covers beside him, soft warm lamp light, quiet studious mood, generic face not resembling any real person; no readable text on books or paper, no modern objects; no text, no letters, no flags. No readable text, letters, numbers, logos, or watermarks anywhere in the image."
united-nations-4-main,3:2,"Photorealistic wide shot of a 1960s airport apron, a small delegation of men and women in West African and South Asian formal dress of the 1960s, flowing robes, saris and dark suits, walking away from a four-engine propeller airliner toward a low terminal building, seen from behind, briefcases in hand, bright daylight, calm hopeful mood; no flags, no lettering or logos on the aircraft or buildings, no jet engines, no modern jets, no jet bridges, no faces visible; no text, no letters, no flags. No readable text, letters, numbers, logos, or watermarks anywhere in the image."
united-nations-4-side,3:4,"Photorealistic vertical still life of a plain wooden chair sitting empty at a small table inside a quiet 1990s guard post, a pair of binoculars and a closed logbook with a plain cover left on the table, dusty evening light through a small window, a quiet empty 1990s street visible outside, solemn still mood, not a scene of violence; no people, no blood, no weapons, no readable text, no modern screens; no text, no letters, no flags. No readable text, letters, numbers, logos, or watermarks anywhere in the image."
united-nations-5-main,3:2,"Photorealistic wide shot of a quiet 1950s diplomatic reading room, a long polished wooden table with a row of closed plain folders, a single green-shaded reading lamp, the hands of one reader in a dark 1950s suit sleeve turning a blank page, tall curtained windows, soft light, calm studious mood, 1950s furnishings only; all folders plain with no labels, page completely blank, no faces, no flags, no emblems, no computers, no modern objects; no text, no letters, no flags. No readable text, letters, numbers, logos, or watermarks anywhere in the image."
united-nations-5-side,3:4,"Photorealistic vertical close-up of a formal council table in the 1940s, identical plain high-backed chairs around it, one occupied by a diplomat in a dark 1940s suit leaning forward mid-sentence with one hand raised as if to object, blank folders in front of each seat, warm formal light, tense formal mood, 1940s furnishings only, generic face not resembling any real person; no readable text, no flags, no emblems, no microphones, no modern objects; no text, no letters, no flags. No readable text, letters, numbers, logos, or watermarks anywhere in the image."
world-war-i-1-main,3:2,"Warm realistic illustration of a cobbled village street in Europe in the summer of 1914, a column of young men in plain 1914 civilian suits, waistcoats and flat caps walking away from the viewer toward the edge of the village, small bundles over their shoulders, a few holding bunches of flowers, families waving from doorways and open windows, a small brass band at the front, warm late-summer light, hopeful mood, 1914 civilian fashion only, no uniforms, no weapons, no flags, no banners, no readable shop signs, no modern vehicles, no power lines, faces small and generic, no text, no letters, no numbers. No readable text, letters, numbers, logos, or watermarks anywhere in the image."
world-war-i-1-side,3:4,"Photorealistic vertical composition, a row of plain wooden dominoes runs diagonally away from the camera across a dark wooden table, the nearest tile caught mid-fall knocking into the next in a chain reaction, warm lamp light, shallow depth of field, blank tile faces, no dots, no hands, no people, no numbers, no symbols, no text, no letters. No readable text, letters, numbers, logos, or watermarks anywhere in the image."
world-war-i-2-main,3:2,"Photorealistic historical scene inside a muddy trench around 1916, several soldiers in period wool tunics, puttees, and early steel helmets check bolt-action rifles, wooden duckboards underfoot, sandbag walls beside them and a grey overcast sky above, no barbed wire in frame, calm serious mood, no gore, 1914 to 1918 uniforms only, no modern helmets, no modern weapons, no tanks, no motor vehicles, no flags, no unit insignia, no visible wounds, no text, no letters. No readable text, letters, numbers, logos, or watermarks anywhere in the image."
world-war-i-2-side,3:4,"Photorealistic vertical view looking out over a trench parapet across a stretch of empty muddy ground toward a low ridge in the distance around 1916, coils of barbed wire in the foreground, a few broken wooden posts, grey overcast sky, somber calm mood, no soldiers, no bodies, no weapons, no tanks, no vehicles, no flags, no text, no letters. No readable text, letters, numbers, logos, or watermarks anywhere in the image."
world-war-i-3-main,3:2,"Photorealistic historical scene at a French harbor in the autumn of 1914, a group of soldiers newly arrived from a distant colony, wearing turbans and simple wool uniform tunics, walk down a wooden gangplank from a large steamship, dock workers and a horse-drawn cart nearby, grey morning light, calm respectful mood, 1914 clothing only, no modern uniforms, no motor vehicles, no modern ships, no flags, no unit insignia, no ship names, no text, no letters. No readable text, letters, numbers, logos, or watermarks anywhere in the image."
world-war-i-3-side,3:4,"Photorealistic vertical scene of a woman worker in practical 1910s dress and headscarf operating a large belt-driven lathe machine in a munitions factory around 1916, focused expression, a few metal shavings, other workers blurred in the background, factory window light, calm determined mood, 1914 to 1918 clothing and machinery only, no modern equipment, no dials with readable numbers, no posters, no text, no letters. No readable text, letters, numbers, logos, or watermarks anywhere in the image."
world-war-i-4-main,3:2,"Photorealistic historical scene in a European city square in November 1918, an ordinary crowd in plain civilian clothing of the era embraces and celebrates, some crying, some laughing, a few hats thrown in the air, grey stone buildings behind, soft daylight, joyful relieved mood, 1918 civilian clothing only, long coats, cloth caps and brimmed hats, no soldiers, no weapons, no motor cars, no flags, no banners, no readable text, no letters. No readable text, letters, numbers, logos, or watermarks anywhere in the image."
world-war-i-4-side,3:4,"Photorealistic vertical scene in a large temporary hospital ward in 1918, a nurse in a plain white apron, cap, and cloth face mask tends to a patient resting in one of many simple iron beds, dim electric lamps, rows of beds fading into the background, calm respectful mood, no visible pain or distress, 1918 clothing and equipment only, no modern medical equipment, no plastic, no readable charts, no text, no letters. No readable text, letters, numbers, logos, or watermarks anywhere in the image."
world-war-i-5-main,3:2,"Photorealistic view from a distance and at a steep angle of a wooden desk covered with a pile of old letters from around 1916, handwriting completely blurred and out of focus, several letters with a few heavy black censor bars as the only sharp element, a closed leather diary lying beside them, a brass magnifying glass, soft desk lamp light, quiet scholarly mood, handwriting completely blurred, no readable words in any language, no real words, no names, no dates, no text, no letters. No readable text, letters, numbers, logos, or watermarks anywhere in the image."
world-war-i-5-side,3:4,"Photorealistic vertical scene of a soldier in a 1916 wool tunic and puttees sitting on a wooden crate behind the lines at dusk, seen from the side and slightly behind, writing in a small notebook on his knee, the page turned away from the camera at a steep angle so nothing is readable, soft dusk light, quiet mood, 1914 to 1918 uniform only, no modern helmet, no weapons in focus, no flags, no insignia, no text, no letters. No readable text, letters, numbers, logos, or watermarks anywhere in the image."
world-war-ii-1-main,3:2,"Warm historical illustration of a small town train platform in the early 1940s seen from behind, a line of children in period wool coats, caps, and knee socks standing with small suitcases, one child holding a small cloth toy, a calm adult beside them, a steam locomotive waiting at the platform, soft morning light, 1940s clothing throughout, children seen from behind, no faces, no name tags, no labels, no flags, no military insignia, no modern vehicles, no modern clothing, no plastic, no readable signs, no text, no letters. No readable text, letters, numbers, logos, or watermarks anywhere in the image."
world-war-ii-1-side,3:4,"Photorealistic vertical still life, a small plain booklet lies face down with a plain back cover, slightly out of focus, on a wooden kitchen table beside a small modest meal, a spoon and a simple cup, warm lamp light, 1940s plain kitchenware, no printing on the booklet, no branding, no modern packaging, no plastic, no text, no letters. No readable text, letters, numbers, logos, or watermarks anywhere in the image."
world-war-ii-2-main,3:2,"Wide historical illustration of soldiers in plain 1940s wool uniforms and round steel helmets wading ashore from a flat-fronted landing craft onto a wide beach at dawn, carrying packs and bolt-action rifles, more landing craft approaching behind them, grey morning light, distant calm framing, no modern assault rifles, no camouflage patterns, no helmet covers, no national flags or markings on the landing craft, no visible blood, no bodies, no insignia, no unit markings, no modern vehicles, not a reproduction of any known photograph, no text, no letters. No readable text, letters, numbers, logos, or watermarks anywhere in the image."
world-war-ii-2-side,3:4,"Sombre vertical illustration of a wide frozen river at dawn, snow-covered banks in the foreground, the dark outlines of a damaged generic city far across the ice, faint smoke rising far away, muted grey-blue light, no people, 1940s era buildings only, no modern towers, no vehicles, no bodies, no flags, no insignia, no readable signs, no text, no letters. No readable text, letters, numbers, logos, or watermarks anywhere in the image."
world-war-ii-3-main,3:2,"Quiet historical illustration of a narrow attic room under a sloping roof in the early 1940s, a woman in a plain dress and apron seen from behind setting a tray with bread and a jug on a small table, a narrow bed with a folded blanket, a bookcase pushed aside to reveal a low hidden door, thin daylight through one small window, calm dignified mood, 1940s plain wooden furniture and clothing only, no modern objects, no electric appliances, no faces visible, no symbols, no readable text on book spines, no text, no letters. No readable text, letters, numbers, logos, or watermarks anywhere in the image."
world-war-ii-3-side,3:4,"Quiet aerial-angle illustration of an old European city block in the 1940s enclosed by a tall plain wall, narrow streets and tiled rooftops visible inside, the rest of the city spreading beyond the wall under soft grey daylight, respectful factual mood, 1940s cityscape only, no modern cars, no antennas, no glass towers, no people visible up close, no damage, no fire, no signs, no text, no letters. No readable text, letters, numbers, logos, or watermarks anywhere in the image."
world-war-ii-4-main,3:2,"Warm historical illustration of a group of soldiers of visibly different backgrounds resting together at a military camp, sitting on wooden crates and folding stools, drinking from tin mugs, canvas tents and simple gear behind them, warm afternoon light, calm ordinary mood, 1940s plain wool uniforms only, no modern weapons, no camouflage patterns, no flags, no insignia, no unit badges, no weapons raised, no text, no letters. No readable text, letters, numbers, logos, or watermarks anywhere in the image."
world-war-ii-4-side,3:4,"Detailed vertical illustration inside a large factory hall, the nose section of a large 1940s propeller aircraft rising through the frame, women in headscarves and overalls working on wooden scaffolding around it, tools and rivets in hand, bright overhead lights, busy calm mood, 1940s clothing and hand tools, no jet engines, no modern machines, no readable signs, no company names, no national markings, no text, no letters. No readable text, letters, numbers, logos, or watermarks anywhere in the image."
world-war-ii-5-main,3:2,"Photorealistic image of a quiet research room with long tables covered in stacks of aged document folders and boxes, a historian in modern clothing reading a folder under a warm desk lamp, shelves of archive boxes lining the walls, calm studious mood, no readable text on any document, folder, or box, no visible faces in any photograph, no text, no letters. No readable text, letters, numbers, logos, or watermarks anywhere in the image."
world-war-ii-5-side,3:4,"Photorealistic vertical image of a quiet memorial field, rows of small smooth plain white stones set in short grass, a few flowers laid beside some of them, bare trees behind, soft overcast light, seen from a respectful distance, calm mood, stones completely plain, no inscriptions, no carved shapes, no crosses, no religious or national symbols, no people close to the camera, no text, no letters. No readable text, letters, numbers, logos, or watermarks anywhere in the image."
winston-churchill-1-main,3:2,"Atmospheric realistic illustration of a rural train yard at night in the late 1890s, a period steam locomotive with a tall chimney and coal tender beside open wooden goods wagons filled with empty dusty coal sacks, a single small figure in dusty plain civilian clothes climbing onto a wagon of sacks seen from a distance mostly in shadow, one oil lantern glowing near the locomotive, quiet tense mood, no recognizable face, no modern trains, no electric lights, no motor vehicles, no flags, no cigar, no V-sign, no bowler hat, no text, no letters, no numbers. No readable text, letters, numbers, logos, or watermarks anywhere in the image."
winston-churchill-1-side,3:4,"Warm nostalgic vertical close-up illustration of dozens of small painted tin toy soldiers standing in neat rows receding away from the camera on a wooden nursery floor, soft lamplight, 1890s style painted tin soldiers, no plastic, no children or adults in the frame, no flags on the toy soldiers, no text, no letters, no numbers. No readable text, letters, numbers, logos, or watermarks anywhere in the image."
winston-churchill-2-main,3:2,"Solemn realistic illustration of a bombed city street at dawn in 1940, several brick buildings in ruins with broken walls and rising smoke, a row of sandbags in front of one damaged shop, a small group of firefighters and helpers working far in the background as distant anonymous figures, period cars and a double-decker bus parked nearby, quiet solemn mood, no visible injury, no recognizable faces, no flags, no readable signs or posters, no cigar, no V-sign, no bowler hat, no modern vehicles, no text, no letters, no numbers. No readable text, letters, numbers, logos, or watermarks anywhere in the image."
winston-churchill-2-side,3:4,"Atmospheric vertical illustration of a family walking down narrow stone steps into an underground shelter station at night in 1940, carrying blankets and a small lantern, dim emergency lighting below, the family seen from behind in period 1940s wool coats and hats, calm protective mood, no modern clothing, no electric signage, no visible faces, no flags, no readable signs, no cigar, no V-sign, no bowler hat, no text, no letters, no numbers. No readable text, letters, numbers, logos, or watermarks anywhere in the image."
winston-churchill-3-main,3:2,"Atmospheric realistic illustration of a rocky coastline along a narrow sea strait in 1915, seen from a hillside at a distance, several period warships with tall funnels offshore in morning haze, small landing boats approaching the beach below, a few distant soldier figures in khaki along the shore, calm tense historical mood, no visible injury or gore, no recognizable faces, no flags, no readable ship names, no cigar, no V-sign, no bowler hat, no modern equipment, no aircraft carriers, no text, no letters, no numbers. No readable text, letters, numbers, logos, or watermarks anywhere in the image."
winston-churchill-3-side,3:4,"Photorealistic vertical illustration of a simple wooden ballot box on a plain table inside a village hall shortly after the war in Europe, a line of voters in modest 1940s clothing waiting at a respectful distance seen from behind, soft daylight through a window, calm civic mood, 1940s clothing only, no modern clothing, no recognizable faces, no flags, no party symbols, no readable ballots or signs, no cigar, no V-sign, no bowler hat, no text, no letters, no numbers. No readable text, letters, numbers, logos, or watermarks anywhere in the image."
winston-churchill-4-main,3:2,"Respectful realistic illustration of a long queue of thin but dignified people, seen from a distance and partly from behind, waiting outside a small rice shop in a Bengal town in 1943, empty jute sacks folded by the shop door, flat green wet rice fields and storm-bent palm trees stretching to the horizon behind the town under a hazy sky, calm dignified mood, no visible suffering shown close up, 1940s rural Bengal dress such as dhoti and sari, no modern clothing, no motor vehicles, no power lines, no plastic, no recognizable faces, no readable signs, no cracked dry earth, no cigar, no V-sign, no bowler hat, no text, no letters, no numbers. No readable text, letters, numbers, logos, or watermarks anywhere in the image."
winston-churchill-4-side,3:4,"Photorealistic vertical illustration of a flooded delta village in Bengal in 1943 after a cyclone, brown water covering the rice fields up to the raised earth paths, flattened rice stalks in the water, a few bamboo huts with torn thatch roofs standing in the flood, one fallen palm tree, one small wooden boat, heavy grey monsoon sky, no people in the frame, somber mood, 1940s rural Bengal only, no motorboats, no power lines, no plastic, no cracked dry earth, no readable signs, no text, no letters, no numbers. No readable text, letters, numbers, logos, or watermarks anywhere in the image."
winston-churchill-5-main,3:2,"Warm photorealistic still life of a 1950s study, a large dark wooden desk holding a plain black fountain pen, a square glass inkwell and a neat stack of blank cream paper, and beside the desk a small open bookshelf holding a row of thick matching volumes bound in the same plain tan cloth standing upright in a single row with nothing else on that shelf, no other books anywhere in the room, a brass desk lamp with a dark shade giving warm light, a window with heavy curtains behind, no person in the frame, quiet studious mood, 1950s wooden furniture only, no typewriter, no globe, no framed pictures, no modern objects, all spines completely plain and unlabelled, no text, no letters, no numbers, no cigar, no V-sign, no bowler hat. No readable text, letters, numbers, logos, or watermarks anywhere in the image."
winston-churchill-5-side,3:4,"Photorealistic vertical still life of a plain 1950s wooden easel in a quiet garden holding a half-finished landscape painting of hills and trees, a simple wooden paint palette and a few brushes resting on a small table beside it, soft afternoon light, no person in the frame, calm peaceful mood, 1950s style plain wooden easel and wooden palette, no plastic, no modern objects, the canvas showing only a loose abstract landscape with no readable signature, no text, no letters, no numbers, no cigar, no V-sign, no bowler hat. No readable text, letters, numbers, logos, or watermarks anywhere in the image."
fall-of-the-berlin-wall-1-main,3:2,"Photorealistic night scene in 1989, a joyful crowd of ordinary people in period clothing such as denim jackets, cardigans and flat caps streams through an open checkpoint gate, a few small boxy eastern European cars waiting nearby, floodlights in the background, guards stepping aside, warm emotional mood, 1989 clothing and vehicles only, no watchtower, no modern cars, no modern vehicles, no smartphones, no cameras held up, no flags, no graffiti, no signs, no text, no letters, no numbers. No readable text, letters, numbers, logos, or watermarks anywhere in the image."
fall-of-the-berlin-wall-1-side,3:4,"Photorealistic close vertical view of several pairs of hands in wool gloves holding small hammers and chisels, chipping pieces off a rough concrete wall lit by floodlights at night, the wall surface covered in blurred abstract patches of faded spray paint, small dust particles in the air, no faces in frame, no letters, no words, no symbols, no readable shapes, no flags, no text, no numbers. No readable text, letters, numbers, logos, or watermarks anywhere in the image."
fall-of-the-berlin-wall-2-main,3:2,"Photorealistic night scene in August 1961, a line of soldiers in plain grey uniforms and workers in overalls and flat caps unroll coils of barbed wire and set fence posts across a city street under bright floodlights, behind them a few workers stack the first rough concrete blocks, a half-built watchtower frame in the background, tense determined mood, 1961 clothing and tools only, no modern equipment, no modern trucks, no modern cranes, no modern lamps, no smartphones, no flags, no signs, no insignia, no text, no letters, no numbers. No readable text, letters, numbers, logos, or watermarks anywhere in the image."
fall-of-the-berlin-wall-2-side,3:4,"Photorealistic vertical night scene of a tall wooden watchtower, a bright searchlight beam sweeping across an empty sandy strip of ground below, a coil of barbed wire fence in the foreground, a guard silhouette barely visible at the top of the tower, tense quiet mood, 1960s style tower and equipment only, no modern lamps, no flags, no text, no letters, no numbers. No readable text, letters, numbers, logos, or watermarks anywhere in the image."
fall-of-the-berlin-wall-3-main,3:2,"Photorealistic wide evening scene in the autumn of 1989 in a flat East German city, a broad ring road lined with sober nineteenth-century stone facades and a few plain prefabricated concrete apartment blocks, one single church tower with a plain baroque spire rising in the background, no castle, no hill, no river, no twin-spired cathedral, no famous skyline, thousands of ordinary people in plain 1980s coats, anoraks and jackets fill the street, some carrying small lit candles shielded by their hands, glowing orange streetlights, bare autumn trees, calm determined mood, 1989 clothing only, no readable banners, no signs, no party symbols, no smartphones, no cameras held up, no modern cars, no modern vehicles, no LED lights, no police in the foreground, no text, no letters, no numbers, no flags. No readable text, letters, numbers, logos, or watermarks anywhere in the image."
fall-of-the-berlin-wall-3-side,3:4,"Photorealistic vertical close view of a plain wooden press table at a press conference in 1989, a man in a grey 1980s suit sits behind a cluster of 1980s microphones without logos, reading from a sheet of paper held in both hands, uncertain expression, a glass of water beside him, soft camera flashes reflected in the background, 1989 clothing and equipment only, no smartphones, no laptops, no modern cameras, face generic and not a recognizable portrait, no readable text on the paper, no flags, no logos, no text, no letters, no numbers. No readable text, letters, numbers, logos, or watermarks anywhere in the image."
fall-of-the-berlin-wall-4-main,3:2,"Photorealistic scene in a quiet records office in the early 1990s, a woman in plain early-1990s clothing sits at a wooden table reading pages from a thick plain grey folder, tall shelves of similar plain grey folders with no labels fill the background, the pages seen at an angle and out of focus, soft window light, thoughtful slightly emotional expression, early 1990s clothing and furniture only, no modern computers, no labels, no readable text on any page or folder, no flags, no logos, no text, no letters, no numbers. No readable text, letters, numbers, logos, or watermarks anywhere in the image."
fall-of-the-berlin-wall-4-side,3:4,"Photorealistic vertical scene inside a large factory hall in the early 1990s, most heavy machines standing idle and silent, a single worker in worn overalls walks away down the aisle carrying a small cloth bag of belongings, dusty light falling through high windows, quiet somber mood, early 1990s clothing and machinery only, no modern equipment, no readable signs, no flags, no logos, no text, no letters, no numbers. No readable text, letters, numbers, logos, or watermarks anywhere in the image."
fall-of-the-berlin-wall-5-main,3:2,"Photorealistic wide view of a former border strip through a city today, a wide green park path with young trees and grass, a straight double line of cobblestones set into the path marking where a wall once stood, a few people walking and cycling far in the distance, soft daylight, calm reflective mood, no plaques, no signs, no information boards, no memorial text, no flags, no smartphones, no faces in focus, no graffiti, no text, no letters, no numbers. No readable text, letters, numbers, logos, or watermarks anywhere in the image."
fall-of-the-berlin-wall-5-side,3:4,"Photorealistic vertical scene of two people sitting in armchairs in a cozy 1990s living room, an older person speaks while a younger interviewer holds a small handheld cassette recorder between them, soft lamp light, warm respectful mood, both shown from the side so faces are not the focus, 1990s clothing and equipment only, no smartphones, no digital recorders, no modern screens, no text, no letters, no numbers, no logos, no flags. No readable text, letters, numbers, logos, or watermarks anywhere in the image."
first-moon-landing-1-main,3:2,"Photorealistic wide shot of a launch pad at dawn in the late 1960s, a tall three stage rocket with a small capsule on top stands beside a metal service tower, white steam drifts from its base, a wide empty flat plain stretches behind under a pink morning sky, calm and grand mood, no people in frame, no crowds, no modern vehicles, no text, no letters, no numbers, no flags. No readable text, letters, numbers, logos, or watermarks anywhere in the image."
first-moon-landing-1-side,3:4,"Photorealistic vertical scene of a late 1960s living room seen from behind a family in 1969 clothing sitting close together on a sofa and the floor around a boxy wooden television set, the screen showing only blurred grey shapes, warm lamp light, patterned wallpaper, a low coffee table, quiet expectant mood, 1969 furniture and clothing only, no flat screens, no smartphones, no cameras held up, no modern objects, faces not visible, no flags, no text, no letters, no numbers. No readable text, letters, numbers, logos, or watermarks anywhere in the image."
first-moon-landing-2-main,3:2,"Photorealistic wide view of a large control room in the late 1960s, rows of men in short-sleeved white shirts and dark ties, one or two women among them, at long consoles with small dark round-cornered screens showing only a faint grey glow, banks of small indicator lights and push buttons, blank paper sheets, headsets on, a huge plain dark wall display at the front with only a blurred map shape and no borders or names, warm indoor light, focused calm mood, 1960s equipment and clothing only, no flat screens, no colour displays, no smartphones, no logos, no text, no letters, no numbers, no flags. No readable text, letters, numbers, logos, or watermarks anywhere in the image."
first-moon-landing-2-side,3:4,"Photorealistic vertical scene of a woman at a desk in the 1960s, plain blouse and pinned up hair, bent over a large sheet of graph paper covered with hand drawn curves fully blurred and unreadable, a mechanical adding machine beside her hand, soft desk lamp light, quiet focused mood, 1960s clothing and equipment only, no modern computers, generic face not a recognizable portrait, no numbers, no letters, no logos, no text. No readable text, letters, numbers, logos, or watermarks anywhere in the image."
first-moon-landing-3-main,3:2,"Photorealistic interior of a cramped spacecraft cabin with no seats in 1969, two astronauts in bulky white suits and clear bubble helmets stand side by side at two small triangular windows, seen from behind so no face is visible, the nearer one leaning forward toward his window, grey boulders and dust rushing past outside, a plain control panel of unlit switches and small indicator lights below the windows, tense focused mood, no seats, no gold mirrored visors, no flags, no patches, no badges, no readable text, no letters, no numbers, no modern screens. No readable text, letters, numbers, logos, or watermarks anywhere in the image."
first-moon-landing-3-side,3:4,"Photorealistic vertical view of a small silver spacecraft in orbit above the sunlit far side of the Moon, bright grey craters stretching below in full daylight, a plain black sky with no stars, the Earth nowhere in view, a thin antenna pointing away into empty space, quiet isolated mood, surface sunlit not dark, no Earth, no stars, no flags, no badges, no readable marks, no text, no letters, no numbers. No readable text, letters, numbers, logos, or watermarks anywhere in the image."
first-moon-landing-4-main,3:2,"Photorealistic scene of a modest city street in the United States in 1970, rows of worn brick houses with front steps, two or three families in plain 1970 clothing sitting on the steps and talking, a child playing on the pavement, an old 1960s car parked at the curb, soft overcast light, quiet serious mood, 1970 clothing and cars only, no modern cars, no modern vehicles, no smartphones, no cameras held up, no signs, no posters, no shop lettering, no television screens, no readable text, no letters, no numbers, no flags, no logos. No readable text, letters, numbers, logos, or watermarks anywhere in the image."
first-moon-landing-4-side,3:4,"Photorealistic vertical image of a small open topped vehicle with four large wire mesh wheels parked on grey dusty ground, its frame simple metal tubing with a folded dish antenna and two plain seats side by side, deep black sky above, still quiet mood, no flags, no badges, no readable plates, no text, no letters, no numbers. No readable text, letters, numbers, logos, or watermarks anywhere in the image."
first-moon-landing-5-main,3:2,"Photorealistic close scene in a quiet laboratory today, two gloved hands work through the round ports of a sealed glass cabinet holding a small tray of grey rock fragments under a bright lamp, several more trays under glass domes line a long table behind, a magnifying lens inside the cabinet, calm scholarly mood, no visible people beyond the hands and arms, no labels, no text, no letters, no numbers. No readable text, letters, numbers, logos, or watermarks anywhere in the image."
first-moon-landing-5-side,3:4,"Photorealistic vertical night view of a large white observatory dome open to a starry sky, a thin bright green beam of light shoots upward from the opening toward the Moon, the dome silhouetted against deep blue darkness, calm awe filled mood, no people in frame, no logos, no text, no letters, no numbers. No readable text, letters, numbers, logos, or watermarks anywhere in the image."
cold-war-1-main,3:2,"Photorealistic illustration of a calm 1950s classroom seen from the back of the room, rows of wooden desks, a few children in period school clothes kneeling quietly beside their desks with heads bowed as in a practice drill, seen from behind, a teacher in a plain cardigan and pencil skirt standing calmly at the front, a blank chalkboard, tall windows with soft daylight, calm orderly mood, 1950s furniture and clothing only, no modern desks, no computers, no phones, no posters, no emblems, no recognizable faces, no text, no letters, no numbers, no flags. No readable text, letters, numbers, logos, or watermarks anywhere in the image."
cold-war-1-side,3:4,"Photorealistic vertical scene at dusk of a barbed wire fence and a plain wooden watchtower cutting across a green field, a lone guard in a generic grey greatcoat and flat cap moving along the fence with a torch, low hills behind, blue evening light, tense quiet mood, 1950s to 1960s clothing and equipment only, no modern vehicles, no insignia, no emblems, no dogs, no weapons in clear focus, no recognizable face, no text, no letters, no numbers, no flags. No readable text, letters, numbers, logos, or watermarks anywhere in the image."
cold-war-2-main,3:2,"Photorealistic historical scene at a rural airfield in the 1960s, a propeller cargo plane parked on a dirt strip with soldiers in period fatigues unloading plain wooden crates, dense tropical forest around, warm humid light, calm serious mood, 1960s military clothing and equipment only, no modern aircraft or vehicles, no emblems, no hammer and sickle, no stars and stripes, no national symbols, no recognizable faces, no text, no letters, no numbers, no flags. No readable text, letters, numbers, logos, or watermarks anywhere in the image."
cold-war-2-side,3:4,"Photorealistic vertical night scene of a tall unmarked rocket on a launch tower at a remote 1960s launch site, floodlights illuminating steam and smoke at its base, technicians in period overalls observing from a safe distance, dramatic night sky, 1960s rocket design and clothing only, no modern rockets, no emblems, no hammer and sickle, no stars and stripes, no symbols on the rocket body, no recognizable faces, no text, no letters, no numbers, no flags. No readable text, letters, numbers, logos, or watermarks anywhere in the image."
cold-war-3-main,3:2,"Photorealistic wide scene at sea in 1962, a grey naval warship of the era steaming close beside a merchant cargo ship, sailors in period uniforms standing on deck watching, choppy grey water, overcast sky, tense quiet mood, 1962 ship design and uniforms only, no modern vessels, no hull symbols, no maps, no mushroom clouds, no weapons fired, no recognizable faces, no text, no letters, no numbers, no flags. No readable text, letters, numbers, logos, or watermarks anywhere in the image."
cold-war-3-side,3:4,"Photorealistic vertical night scene of a man in a plain 1960s dark suit sitting at a wooden desk writing quickly by lamplight, a closed envelope and an old rotary telephone nearby, heavy curtains drawn, seen from behind so the face is hidden, quiet tense mood, 1960s office furniture and clothing only, no modern electronics, no emblems, no text, no letters, no numbers, no flags. No readable text, letters, numbers, logos, or watermarks anywhere in the image."
cold-war-4-main,3:2,"Photorealistic wide scene inside a large conference hall in 1955, delegates in a variety of formal national dress from Asia and Africa seated at long curved tables with water glasses and papers lying face down, no nameplates, high windows, warm afternoon light, attentive respectful mood, 1955 clothing and furniture only, generic delegates only, no name cards, no emblems, no modern technology, no text, no letters, no numbers, no flags. No readable text, letters, numbers, logos, or watermarks anywhere in the image."
cold-war-4-side,3:4,"Photorealistic vertical night scene of a small group of soldiers in generic dark fatigues of the 1960s standing guard outside the closed doors of a government building, one soldier gripping a rifle, streetlights glowing, empty street, tense quiet mood, 1960s to 1970s military clothing and equipment only, no modern vehicles or gear, no insignia, no hammer and sickle, no stars and stripes, no recognizable faces, no text, no letters, no numbers, no flags. No readable text, letters, numbers, logos, or watermarks anywhere in the image."
cold-war-5-main,3:2,"Photorealistic wide scene in a city square in 1991 seen from a distance, a tall crane lifting a giant dark bronze statue of an anonymous man in a long coat off its stone plinth, a crowd in early-1990s coats and jackets watching from behind, grey autumn light, plain concrete buildings behind, quiet historic mood, early 1990s clothing and vehicles only, statue face generic and in shadow, no hammer and sickle, no emblems, no inscriptions, no graffiti, no identifiable landmarks, no recognizable faces, no text, no letters, no numbers, no flags. No readable text, letters, numbers, logos, or watermarks anywhere in the image."
cold-war-5-side,3:4,"Photorealistic vertical scene in a scrapyard in the late 1980s seen from a distance, a long plain grey missile body without markings lying on wooden blocks while workers in period overalls and hard hats cut it into sections, a crane holding one cut section in the air, grey overcast sky, piles of scrap metal behind, calm working mood, late 1980s clothing, tools and vehicles only, no warhead, no explosion, no mushroom clouds, no emblems or symbols on the missile, no hammer and sickle, no stars and stripes, no recognizable faces, no text, no letters, no numbers, no flags. No readable text, letters, numbers, logos, or watermarks anywhere in the image."
martin-luther-king-1-main,3:2,"Realistic illustration of the inside of a 1950s American city bus, worn padded bench seats covered in green vinyl, a divider partway back separating the front rows from the rear rows, a mix of passengers in 1950s clothing seated with faces turned away or in shadow so no one is recognizable, soft afternoon light through the windows, no wooden benches, no modern bus features, no advertisements, no readable signs, no license plates, no logos, no text, no letters, no numbers. No readable text, letters, numbers, logos, or watermarks anywhere in the image."
martin-luther-king-1-side,3:4,"Realistic vertical illustration of a quiet residential street in a southern American city in 1955, several Black residents in everyday 1950s clothing walking together along the sidewalk instead of waiting for a bus, some carrying grocery bags or lunch pails, seen from behind at a distance so no face is recognizable, small wood-frame houses of the era, morning light, calm determined mood, no readable street signs, no house numbers, no modern cars, no text, no letters, no numbers. No readable text, letters, numbers, logos, or watermarks anywhere in the image."
martin-luther-king-2-main,3:2,"Realistic illustration of a wet city street in Birmingham, Alabama, in 1963 just after a crowd has been driven off, two thick canvas fire hoses lying uncoiled across the asphalt, water running along the curb and pooling around one fallen shoe, a leather dog leash hanging from a park railing, an empty wooden bench, 1960s cars far in the background, overcast daylight, quiet tense mood, no people, no dogs, no injuries, no signs, no placards, no banners, no modern vehicles, no text, no letters, no numbers. No readable text, letters, numbers, logos, or watermarks anywhere in the image."
martin-luther-king-2-side,3:4,"Vertical realistic illustration of a small plain jail cell from the early 1960s, seen from just inside the barred door, a narrow cot, a metal sink, and a small wooden shelf holding a stack of blank scrap paper and a pencil stub, a shaft of light from a high barred window, no people, paper completely blank with no readable handwriting, no graffiti, no modern fixtures, calm still mood, no text, no letters, no numbers. No readable text, letters, numbers, logos, or watermarks anywhere in the image."
martin-luther-king-3-main,3:2,"Realistic illustration of a vast crowd filling a long park in the American capital in 1963, seen from a high angle and from behind so no individual face is recognizable, people in 1960s clothing standing shoulder to shoulder, many holding blank paper fans against the summer heat, the crowd stretching toward the horizon, trees and open sky only with no specific monument shown, warm hazy summer light, no signs, no placards, no banners, no flags, no recognizable famous buildings, all fans and papers completely blank, no text, no letters, no numbers. No readable text, letters, numbers, logos, or watermarks anywhere in the image."
martin-luther-king-3-side,3:4,"Photorealistic vertical close-up of a plain round gold medal resting in an open velvet presentation box on a wooden table, a folded silk ribbon beside it, soft warm indoor light, no people, no hands, the medal surface smooth and unengraved, no certificate, no paper, no document, no flags or national symbols, no text, no letters, no numbers. No readable text, letters, numbers, logos, or watermarks anywhere in the image."
martin-luther-king-4-main,3:2,"Realistic illustration of a city street in 1968 where a line of sanitation workers in period work uniforms stand with arms folded beside parked garbage trucks with rounded fenders, seen from the side at a distance so no face is recognizable, overcast late-winter light, quiet determined mood, no signs, no placards, no boards, no readable lettering on trucks or uniforms, 1968 trucks and clothing only, no modern vehicles, no violence, no police, no text, no letters, no numbers. No readable text, letters, numbers, logos, or watermarks anywhere in the image."
martin-luther-king-4-side,3:4,"Atmospheric realistic illustration of the exterior of a plain two-story motel building from 1968, seen from across a parking lot at dusk, a single balcony railing on the upper floor lit by one outdoor lamp, no people anywhere, 1968 cars in soft focus in the lot, no modern vehicles, no blood, no figures, no motel sign, no room numbers, quiet somber mood, no text, no letters, no numbers. No readable text, letters, numbers, logos, or watermarks anywhere in the image."
martin-luther-king-5-main,3:2,"Realistic illustration of a plain wooden table in a dim 1960s room, a reel-to-reel tape recorder with its reels turning, a large 1960s microphone on a short stand, a pair of period headphones lying beside them, no people, cool light through half-closed window blinds, quiet slightly ominous mood, 1960s equipment only, no labels, no brand marks, no readable dials, no badges or emblems, no modern computers, no phones, no text, no letters, no numbers. No readable text, letters, numbers, logos, or watermarks anywhere in the image."
martin-luther-king-5-side,3:4,"Warm vertical realistic illustration of a plain wooden church pulpit from the mid-twentieth century, an open Bible resting on it at an angle so no words are readable, seen from the empty pews looking up, warm light from a side window, no people, pages completely blank or blurred, no readable text or verses, no crosses or symbols in sharp focus, no modern lamps or microphones, no text, no letters, no numbers. No readable text, letters, numbers, logos, or watermarks anywhere in the image."
nelson-mandela-1-main,3:2,"Realistic illustration of a boy in simple 1920s traditional dress herding a small group of cattle across green rolling hills in rural Transkei, South Africa, distant thatched rondavel huts under a wide sky, a dirt path winding through the grass, the boy seen from behind and at a distance so no face is visible, warm calm morning light, 1920s rural setting only, no modern fencing, no cars, no bicycles, no wristwatch, no power lines, no text, no letters, no numbers. No readable text, letters, numbers, logos, or watermarks anywhere in the image."
nelson-mandela-1-side,3:4,"Vertical realistic illustration of a single weathered wooden park bench painted in one plain color on a mowed lawn in a 1950s South African public park, no people in the frame, no signpost, soft afternoon light across empty grass, 1950s park furnishings only, no modern benches, no bins, no vehicles, no plaques, no text, no letters, no numbers. No readable text, letters, numbers, logos, or watermarks anywhere in the image."
nelson-mandela-2-main,3:2,"Realistic illustration inside a formal 1960s South African courtroom, dark wood paneling, rows of wooden benches for onlookers, a raised judge's bench at the far end, a lone man in a plain dark suit standing small in the dock seen from behind addressing the court, soft light from tall windows, 1960s courtroom furnishings and clothing only, no cameras, no microphones, no flags, no coats of arms, no recognizable face, calm serious mood, no text, no letters, no numbers. No readable text, letters, numbers, logos, or watermarks anywhere in the image."
nelson-mandela-2-side,3:4,"Vertical realistic illustration of a bright 1970s limestone quarry on a rocky island, several prisoners in plain period prison uniforms of khaki shorts and shirts bending over pale white stone breaking it with pickaxes and hammers under harsh glaring sun, a guard tower and the sea visible in the far distance, all figures seen from behind or at a distance, 1970s prison clothing only, hand tools only, no modern tools, no vehicles, no visible numbers or markings on uniforms, no recognizable faces, no blood, no injury, no text, no letters, no numbers. No readable text, letters, numbers, logos, or watermarks anywhere in the image."
nelson-mandela-3-main,3:2,"Realistic illustration of a wide dusty township square in 1960 South Africa, a large calm crowd of men and women in plain period clothing standing together outside a low fence, some seated on the ground with empty hands, a blurred line of period police vehicles and officers waiting in the far distance, tense hushed mood, 1960 clothing and vehicles only, no weapons in close focus, no visible injuries, no modern vehicles, no signs, no placards, no recognizable faces, showing tension before violence rather than violence itself, no text, no letters, no numbers. No readable text, letters, numbers, logos, or watermarks anywhere in the image."
nelson-mandela-3-side,3:4,"Vertical atmospheric illustration of a tall steel electricity pylon standing alone in open countryside at dusk in early 1960s South Africa, its dark silhouette against an orange and purple sky, no people or buildings nearby, period-correct 1960s pylon design only, no modern wind turbines, no solar panels, no warning signs or plates, calm ominous mood, no text, no letters, no numbers. No readable text, letters, numbers, logos, or watermarks anywhere in the image."
nelson-mandela-4-main,3:2,"Realistic illustration of a long line of people of every age and skin color waiting patiently along a dusty road outside a modest polling station in 1994 South Africa, dressed in plain early 1990s everyday clothing, morning light casting long shadows, all figures seen from behind or at a distance, no modern phones, no flags, no signs, no posters, no ballot papers visible, no modern vehicles, no recognizable faces, calm hopeful mood, no text, no letters, no numbers. No readable text, letters, numbers, logos, or watermarks anywhere in the image."
nelson-mandela-4-side,3:4,"Vertical realistic illustration of a heavy iron prison gate standing open in 1990 South Africa, two adult figures walking away from it hand in hand toward a blurred crowd in the far distance, both seen from behind dressed in plain 1990 clothing, no recognizable faces, no patterned shirts as an identifying detail, no flags, no cameras, no modern vehicles, no signs on the gate, calm hopeful mood, no text, no letters, no numbers. No readable text, letters, numbers, logos, or watermarks anywhere in the image."
nelson-mandela-5-main,3:2,"Photorealistic illustration of a small empty prison cell on a rocky island seen from the corridor through the open barred door, plain 1960s to 1980s style, a thin sleeping mat rolled on the concrete floor, a small stool, a tin cup and plate, sunlight from a high barred window falling across the bare wall, no people, 1960s to 1980s prison fittings only, no modern locks, no cameras, no electric lights, no numbers or plates on the door, no graffiti, no plaques, calm still mood, no text, no letters, no numbers. No readable text, letters, numbers, logos, or watermarks anywhere in the image."
nelson-mandela-5-side,3:4,"Vertical realistic illustration of an empty formal high-backed chair standing alone on a small wooden stage under a soft spotlight in a 1990s government hall, no flags, no emblems, no people present, the surrounding room fading into soft shadow, 1990s furnishings only, completely plain chair and stage, no carvings resembling symbols, no plaques, no signs, no microphones, calm still mood, no text, no letters, no numbers. No readable text, letters, numbers, logos, or watermarks anywhere in the image."
